Name,Contact,Address,City
Gonzales-Cochran,+1-600-220-0480,"74347 Christopher Extensions
Andreamouth, OK 91839",New Jessica
"Nielsen, Johnson and Fuller",+1-925-283-8901x6297,"91228 Hanson Stream
Welchtown, OR 27136",East Sheena
Miller-Black,001-517-295-2206,"561 Martinez Point Suite 507
Guzmanchester, WA 94320",Lake Jesusview
"Clark, Prince and Williams",556.944.8935x401,"467 Bell Trail Suite 409
Port Jesus, IA 61188",Mendezmouth
Coleman-Farley,193.714.6577,"078 Matthew Creek Apt. 319
Saraborough, MA 53978",Valentineside
Lawson-Walters,144-860-6074x60544,"1889 Barnes Gateway
Adamview, ID 87971",Shannonside
Ortiz-Lee,(563)889-7190,"1842 Villarreal Shores
Williamfort, CT 44529",Lake Christopherburgh
Curtis-Lewis,+1-521-027-8120x3301,"4770 Miller Light Suite 260
New Charlesville, AR 97075",Washingtonville
Nguyen Inc,898-609-2609x844,"169 Scott Keys Suite 000
East Michelle, HI 57025",Tinamouth
"Hall, Nguyen and Martinez",(740)949-2480x40566,"71458 Mark Field Apt. 252
North Alexland, TX 02693",West Cherylfort
"Flores, Jackson and Ford",276.527.4329,"0663 Paul Field
South Haileyshire, AL 19652",South Robert
Miller Ltd,001-909-021-4559,"508 White Mission Apt. 893
Bryantborough, WV 79111",East Williamburgh
"Parker, Flores and Jennings",(516)626-8840,"117 Jasmine Isle Apt. 604
South Ryanville, MN 41933",Nicolefort
Nguyen-Tran,+1-899-619-4557x62932,"65833 Anthony Ridges
Williamsmouth, IA 42157",Garciamouth
Valdez-Diaz,(046)544-9977,"03142 Jones Trail Suite 601
Walkerton, AL 61502",West Theresaberg
Brown and Sons,018-471-0550x16593,"1745 Chan Ridges
Ginaville, OK 07163",West Vanessafort
Miller Ltd,(876)537-9861x93433,"355 Rogers Ferry Suite 116
East Stevenburgh, MD 93961",West Dawn
Edwards-Turner,361.706.6889x42826,"277 Ashley Wall Suite 063
Kimberlyshire, SC 60998",Cassandraville
Davis Ltd,117-624-9394x3533,"USCGC Taylor
FPO AA 68109",South Melanieshire
Drake-Martinez,001-454-212-3510x6135,"22920 Carpenter Turnpike Apt. 652
New Steven, AR 33177",East Samantha
Cross Group,(170)989-9040x1296,"802 Daniel Highway
Lake Sabrinamouth, DE 52427",Port Corystad
Miller-Carter,+1-868-016-4774,"44329 Hendrix Land
Port Christine, AL 43242",Port Lisamouth
Johnson Ltd,916.509.1396x4499,"32366 Kathy Fall
Rodriguezton, NH 27984",Bradleyborough
"Black, Collins and Richard",266.040.9664x08185,"643 Galvan Burgs
Fletcherhaven, AZ 86988",Hestermouth
Gutierrez-Palmer,(155)292-7832x2085,"019 Avila Station
Lake Dennisborough, AZ 84988",Anitashire
Hansen Inc,464-311-2342,"9402 Corey Avenue
Jamesland, AL 54220",West Adammouth
Lester Inc,001-037-031-5899x7076,"3187 Brittany Overpass Suite 160
Lake Elizabeth, CO 63236",New Natasha
Wright Ltd,850-175-4730,"69921 Sullivan Manor Apt. 996
Russellport, ME 99724",Jessestad
Andrews-Wiley,+1-657-214-6013x08444,"37741 Edward Green Apt. 840
Whiteport, WY 68558",Patrickmouth
Rodriguez PLC,(227)080-4918x858,"88798 Dustin Lane Suite 892
Port Jessicaville, KY 16461",West Pamelaborough
Thompson-Kerr,(786)641-7043,"123 Barber Divide
New Stephanie, KY 35738",South Kellyberg
Lawrence PLC,+1-161-540-1127x4461,"35759 Baker Center
East Allisonville, WA 47206",Jameschester
"Miranda, Wilcox and Short",711.136.4426,"208 Williams Fields Suite 324
New Robert, MN 13700",Janetborough
"Cooper, Smith and King",+1-812-193-0704x61726,"439 Barnes Courts Apt. 349
South Gregory, MO 73315",North Garybury
Nguyen-Parsons,(638)668-6852,"23683 Paul Groves Suite 174
Vegaville, IA 58578",Andersonmouth
Powell Inc,668-319-5716,"7278 Jesse Fall
Mitchellfort, SD 79576",Cindyshire
Phelps-Schmidt,001-048-886-1039,"689 Riley Villages
South Jose, LA 55827",New Amanda
Lawrence LLC,580-888-5964,"USNS Decker
FPO AE 46703",Perkinsbury
Fernandez-Bridges,001-714-175-0277x076,"77717 Amanda Plains Apt. 231
Danielberg, CA 13392",Brittanyville
Robinson PLC,925-882-9055,"59437 Schneider Villages Suite 050
South Derek, NM 07539",Jennifertown
Kelly-Ware,(033)969-7445x782,"482 Bush Island
Wrightburgh, MI 64397",Bentleyburgh
Austin-Yu,+1-392-878-0666x94428,"482 Lisa Viaduct
Shirleyberg, IL 95427",East Nicholasbury
"Martinez, Johnson and Torres",250.919.8579,"66956 Carter Lakes Apt. 029
New Matthewview, OK 90573",South Karen
Torres-Perez,(264)170-0478x03197,"9114 Becky Junctions
Hillhaven, WV 14750",Jamesville
"Butler, Kennedy and Cowan",(704)033-6760x72290,"Unit 7100 Box 9890
DPO AP 52163",East Deniseborough
"Fisher, Hernandez and Webster",871-801-8397x99626,"8490 Valdez Ports Suite 007
Port Jeremy, NV 85800",South Lisaberg
Wong-Reese,483-625-4097,"9078 Jeffrey Drive Suite 439
Lake Jasonberg, RI 48655",East Andrewland
Conway-Barr,+1-820-339-5162x911,"597 Contreras Roads
South Hannah, RI 04553",Timothyview
"Miller, Braun and Graham",001-704-201-5818x1702,"USS Roberts
FPO AE 04254",Lake Traceyburgh
Perez-Williams,(305)890-2191x91055,"956 Joseph Ford Apt. 098
Moorestad, LA 74730",West Danielborough
Shaw Inc,7059011779,"163 Kenneth Lake
Gentrystad, IN 23606",Rebeccabury
Buck-Carey,+1-163-218-3619x58525,"3155 Strickland Lakes
Nelsonview, MN 90401",Port Dianaberg
Wolfe and Sons,001-187-914-3723x273,"5146 Robbins Spring
Danielshire, NY 94988",Lake Allen
"Bennett, Phillips and Green",001-350-580-0382x854,"Unit 0882 Box 8764
DPO AE 00627",Lake Rachael
Wilson-Brown,001-473-163-6196x2386,"220 Rachel Trace
Port Mark, AK 17083",Danachester
Morris Ltd,654-751-2531x515,"03207 Paul Shoals
Thomasshire, AR 89205",Michaelview
Cook Group,983-295-7995,"6432 Guzman Estates
Lake Rebeccaborough, CA 35184",Port Robin
"Martin, Tyler and Wilkerson",+1-287-799-5933x17852,"334 Bishop Fort Suite 958
Port Jorge, NM 10652",North Kevinhaven
"Warner, White and Morris",001-947-280-2490,"92097 Simmons Cape
Arthurchester, AL 44273",Marissaville
Parker-Campbell,(006)958-8829x497,"USNS Williams
FPO AE 15960",Wilsonport
"Arnold, Russo and Foster",(717)564-9426x4690,"PSC 8521, Box 0417
APO AP 22766",Lake Joelshire
"Mitchell, Campbell and Jones",001-356-024-1560x512,"760 Hall Dam
Jenniferstad, MI 28752",Marymouth
"Fuller, Vincent and Fernandez",(268)645-8829,"Unit 8327 Box 2560
DPO AP 34781",Mcclainfurt
Mullen LLC,001-134-811-5840x300,"373 Moody Manor
Johnfurt, CT 63966",South Michaelhaven
Fletcher Inc,+1-445-003-6513,"5294 William Underpass
North Angelaborough, TN 26906",Lake Raymondton
Lambert-Wilson,+1-552-690-1512x083,"2162 Johnson Field
East Caroline, AZ 13953",Lake Michaelfurt
Shannon Ltd,401-441-2366x8513,"8692 Adam Passage
Davidland, WI 15372",Kentland
Sherman-Wolfe,001-797-628-1681x740,"0312 Garcia Ferry
Port Deannaberg, DC 72769",North Elizabeth
Williams PLC,001-683-268-4210x77233,"Unit 6990 Box 6326
DPO AA 08563",Cummingstown
"Cook, Stanley and Wallace",001-416-322-9367,"1492 Thomas Route
East Hannah, HI 37830",Lake Kyle
Jones-Edwards,(077)105-8283,"861 Martinez Junctions
Smithburgh, WA 68091",Ruizmouth
"Ward, Shepherd and Krause",+1-454-823-5622,"224 Burns Camp
Christopherborough, VA 76601",Jasonstad
Walker-Richards,+1-862-704-7597,"082 Nancy Summit Apt. 187
Hurleychester, PA 09363",West Benjamin
Johnston Ltd,5630753213,"58406 Pamela Mission
Leestad, OH 88592",Belindaville
Douglas PLC,7650701698,"130 Lowe Cove Suite 161
South John, LA 62264",Rodneystad
Clark-Estes,001-879-812-0126x19146,"1854 Michael Locks Suite 076
Shaneland, AZ 73210",Port Amandamouth
Golden-Phillips,113.900.7657,"25069 Ramirez Springs Suite 233
West Jamestown, IL 50100",New Rhonda
Frazier LLC,5883270069,"115 Danielle Oval Apt. 679
Port Jessica, AZ 21218",North Susan
Holmes Inc,935-374-2399x9900,"USS Le
FPO AP 30394",West Danieltown
Miller-Moore,427-783-4717x76277,"1920 Jody Burg
Danaview, NY 16941",Lake Dennischester
Harris Ltd,508-454-9947x38541,"70117 Danielle Plaza
Bartonview, NV 38788",North Michelle
Carey-Richardson,468.906.0755x92529,"352 Moore Greens Suite 745
Deborahtown, NV 83580",West Lauraborough
Owens-Williams,(719)090-0487x482,"USCGC Farrell
FPO AA 90914",West Julianburgh
Atkins Group,+1-318-669-6985x63710,"2205 Sharp Junction Suite 771
Drakefurt, KY 14437",Marthaside
Larson Ltd,370.601.0512x89954,"335 Roberts Neck Apt. 867
Samanthaborough, RI 60340",Christopherstad
Murphy-Boyd,387-962-7399x435,"7105 James Overpass
Wilsonberg, NC 47111",New Michelle
"Young, Townsend and Mccarthy",001-286-579-2810x1913,"4577 Shannon Tunnel Suite 786
Jamesview, CT 96322",West Adam
"Oliver, Williams and Rich",+1-509-255-9684x4064,"2297 Dunlap Plains
South Shannon, MT 97282",Salastown
Stewart-Page,(816)752-7440x258,"8433 Villegas Tunnel Suite 183
Lake Sarahview, UT 79121",New Richard
Miller Group,001-311-806-0098x37361,"8851 Powell Cliffs Apt. 635
South Michael, MO 83778",Lake Kristentown
Rivera LLC,(812)838-6129x912,"4769 Mark Curve
Sparksstad, OR 98308",North Ronaldburgh
Cruz-Day,266.982.5975,"98104 Goodman Extension
Smithport, PA 37878",East Melissa
"Davis, Vaughan and Shepherd",(147)151-2023x6618,"89992 Quinn Plain Apt. 912
North Laura, IN 05742",New Daniel
"Cuevas, Smith and Rowe",(286)671-0956,"7503 Mclaughlin Crescent Suite 498
Davismouth, DE 08450",Brennanstad
Orr Inc,+1-415-991-8966,"5940 Klein Junctions
Jenniferborough, PA 44116",Christinaland
"Pierce, Walsh and Rogers",+1-065-024-5251x529,"8840 Edwards Square Suite 343
Kimside, NE 41307",Deborahland
King-Snyder,+1-494-177-0520x17816,"615 Barnett Circles
Jamesfort, CT 76455",Reyesshire
Hogan-Johnston,184-472-6932,"00006 Amy Wall Apt. 134
Zimmermanborough, PA 57869",Gardnerfort
Walsh-Day,(385)387-5081,"815 Mary Via
Allenborough, LA 80578",South Louis
Greene-Garcia,155.846.6299,"USS Smith
FPO AE 39123",Mooreview
Chambers-Waters,001-230-322-3448x38934,"56762 Kimberly Light Suite 474
Matthewmouth, UT 45275",East Angelafort
"Hester, Bowers and Carpenter",+1-699-911-5500x712,"913 Jennifer Mountain Suite 645
Burnsborough, VT 02798",West Samantha
Russell-Summers,314-232-3936x08469,"84247 Emily Fords Apt. 478
North Michael, RI 76457",Port Michaelshire
Jackson LLC,001-488-905-7389,"254 Brandon Lodge
Michaelton, NE 66307",Lake Theresa
Carr-Schaefer,156-951-3996x201,"67643 Matthews Club
East Jennifer, ID 54291",Davidchester
Moreno Group,431.153.2913x530,"6631 Guerra Ramp Apt. 479
Valeriefort, SC 39501",Lopezmouth
"Pollard, Tyler and Davis",7599766878,"120 Johnson Mountains
New Daniel, WI 58864",West Lauraborough
Williams-Cox,082.114.2329,"400 Ross Radial
Francomouth, MT 80264",East Austin
"Powell, Norton and James",(816)856-0766x22957,"0621 Nixon Ridge
New Ryanton, WV 87834",North Carmen
Figueroa-Soto,(599)442-0494,"113 Donna Pass
Port Michaelchester, NE 39187",South Kellyville
Ball-Church,(352)764-4709,"096 Robin Walks Suite 454
Foxburgh, NC 51501",South Davidside
"Webb, Graves and Harrison",935.714.9134x34359,"3538 Fields Vista Suite 058
West Sonya, IN 53745",East Courtneymouth
"Anderson, Nicholson and Bruce",+1-274-720-0033x1795,"8546 James Fields Apt. 534
Hallborough, AL 55990",East Elizabethberg
Barnett-Graves,(409)027-9923x1761,"748 Reilly Mission Apt. 036
Aguilarfurt, NM 08053",Lake Katherinechester
Wells-Davis,322.221.0619x89960,"16029 Lisa Junctions
Port Mary, AZ 64519",Floresville
Mcdaniel-Morales,001-702-836-3122,"683 Damon Groves
Port Michael, NE 84293",Moseshaven
"Morales, Wood and Cox",468.025.0721x72227,"046 Madeline Plain Apt. 669
Smithbury, MS 53261",Amberton
Evans-Harrison,066.832.7189x65581,"2430 Michael Branch
Lake Brian, CA 67262",Lake Joseph
Yates-Mills,(954)085-0479,"PSC 9917, Box 2733
APO AE 68445",Port Kathleen
Burns-Davis,+1-749-554-2482x64065,"100 Jill Trail Suite 664
Danielmouth, TX 62651",New Lisa
Glover Inc,(769)689-5964x20301,"75912 Brett Parks
West Lawrenceburgh, TN 53383",South Kelly
Mosley-Hernandez,+1-477-159-2443x576,"02866 John Causeway
Markberg, RI 91177",Tyronebury
Stephens-Stephens,+1-970-818-8098x124,"794 Horne Track Apt. 542
East Mariaport, AK 95122",East Meganfort
"Allen, Zimmerman and Harrington",832-646-1114x86947,"PSC 7915, Box 6921
APO AE 81937",Lake Shelby
Brown-Grimes,492-029-0285x3479,"71570 Jason Spurs Apt. 697
Melissaton, ID 56125",Lake April
"Jackson, Gonzalez and Smith",(590)652-0264x4365,"99197 Jensen Inlet
Juliaside, AK 27283",New Rodneyville
Vasquez LLC,731.947.3123,"70060 Chelsea Trace Suite 180
Lopezburgh, AR 16869",Jasonland
Martinez-Downs,+1-736-853-1037x942,"38440 Jonathan Pine Suite 612
Millshaven, CO 77071",Port Mariefort
Hicks Ltd,510.799.8149x819,"4349 Michael Fort
South Melissa, ND 26423",Port Emily
Nelson-Tran,+1-167-627-3706,"Unit 6111 Box 7557
DPO AA 52174",New Daniel
"Spencer, Martin and Romero",333.579.4749x45469,"42751 Jose Junction Suite 390
New Johnnyberg, MS 26952",Scottton
Walker-Knox,+1-787-557-7905x551,"353 Donald Tunnel Apt. 330
Fisherview, IA 09906",Huntermouth
Baker LLC,423-570-5106,"881 Thomas Valleys Apt. 842
South Danielleland, OR 09264",South Michaelberg
Cook Ltd,(340)959-7188x4581,"15130 Parker Hill
Adkinsville, MN 48860",West Melissa
Dyer Group,906.900.1026,"601 Kent Mills Apt. 098
New Robertstad, NY 73393",East Candace
"Gordon, Davis and Gonzalez",001-549-717-7006x7763,"48332 Richard Radial
South Christinafurt, MS 38651",Lamberttown
Pena and Sons,351-759-9512,"48061 Thomas Mission
Stephensmouth, NC 22128",East Alexisberg
"Jones, Rojas and Brown",490.519.3490x03679,"3671 Hansen Loaf
Port Nicholas, VT 97420",North Sherrimouth
Johnson-Ray,294.692.7978x3473,"3639 Jones Brooks
South Matthew, VA 33223",Port Connie
Zhang LLC,001-943-679-8869x4358,"6343 Sanders Park Suite 844
Port Brendaton, FL 49650",Watsonstad
Rodriguez PLC,001-338-962-9433x726,"03072 Stephen Terrace Suite 003
Lake Brandon, TX 93484",Port Manuel
"Myers, Kelley and Riley",001-912-865-5943x9580,"374 Murray Run
Port Sarahview, CA 10295",Mitchellmouth
"Luna, Padilla and Torres",7363126794,"7550 Kevin Inlet Suite 004
Roweton, CT 19578",Samuelville
"Johnson, Harris and White",293-470-3464x6698,"PSC 5814, Box 9023
APO AA 76560",Bellport
Rice-Woods,+1-180-785-3704x622,"802 Young Ramp Suite 344
Port Amy, HI 07296",Kayleefort
Hampton-Lee,663-119-2623x961,"994 Maxwell Squares Apt. 136
Browninghaven, IA 33077",Jonathanhaven
Nguyen-Shaffer,040.258.9118,"538 Charles Unions
Port Jessica, MD 31072",West Trevorview
"Perry, Cabrera and Owens",626-321-0040x18014,"97775 Rice Forks
Johnsontown, RI 35006",Annahaven
Lee LLC,010-809-0806x17359,"0886 Smith Glen
Duncanmouth, AL 18583",North Amber
"Powers, Clark and Snyder",531-341-5220x02539,"8675 Reed Crest Suite 904
West Wendyborough, ID 45874",North Jamesberg
Butler-Newman,+1-832-258-6208x585,"531 Christine Plains Apt. 814
New Randall, GA 19091",Anthonyshire
Rogers-Shaw,001-522-305-5977x0080,"39253 David Common
West Tyler, NC 21196",South Jacobport
Wu LLC,350.191.5139x454,"439 Oscar Mountains Suite 426
Lake Markmouth, MI 84788",Hawkinsmouth
Smith-Turner,001-084-709-0706x311,"574 Jamie Mountains Apt. 480
North Timothy, CA 92067",New John
Bennett-Parker,(773)966-1784,"17497 Michelle Path
New Mariamouth, UT 32031",Charlesview
Johnson-Thompson,239.163.9415,"920 Todd Points Apt. 224
Elliottstad, ID 85406",West Carolyn
"Rodriguez, Walker and Singleton",998.166.5324,"3006 Fernandez Ferry
Jamesview, KS 30878",Bairdfort
Shepherd Group,001-796-831-6588,"922 Nicole Neck
Lake Danaton, ID 65819",North Crystal
"Wagner, Cole and Thompson",+1-555-595-6288x290,"201 Hopkins Lakes
Johnberg, ND 15611",North Brooke
"Baker, Warren and Kirk",001-687-777-6746x1515,"PSC 7617, Box 0188
APO AP 36602",Port Loganberg
Campbell LLC,001-211-446-3315x74760,"8423 Karen Trace Apt. 648
Johnland, IA 21810",Perezport
"Moore, Perez and Young",345.405.3372x9178,"48313 Taylor Junctions Apt. 845
Petersborough, VT 51814",Penabury
Jackson-Bishop,5846608591,"1596 Romero Ports
Lake Jennifermouth, ME 52335",Annetteburgh
Yu-Rodriguez,017.590.2372,"144 Armstrong Viaduct Apt. 561
East Ericchester, UT 19438",Sylviabury
Silva Group,0057248175,"1541 Tara Forge
Mathisshire, DE 61123",Copelandchester
"King, Smith and Mullen",497-136-9598x5778,"9022 Harrington Path
Susanport, SD 73387",Lake Donaldmouth
Thompson-Turner,897-925-4252,"995 Campbell Mount Suite 129
Graytown, MN 23216",Davidport
"Miller, Williams and Lewis",565.035.8798x7950,"69419 Michele Trail Apt. 911
Valdezville, NY 53308",Wardton
Hines-Green,(054)626-5986x842,"121 Monica Loaf
Charlesshire, MO 59196",Lindseyland
"Peters, Chase and Davis",+1-813-008-8889x184,"015 Steven Crossing Suite 882
Lake Brendaborough, WV 97596",North Brentbury
"Jones, Delgado and Marquez",(186)605-0066,"67180 Christopher Parks Suite 702
Whitestad, MI 84109",Williammouth
"Parker, Macdonald and Espinoza",776-066-7306x648,"708 Jones Estates Suite 598
Lake Samuel, RI 75975",Garciaside
Greene Group,552-231-5655x057,"645 Acosta Circle Suite 351
Staceyburgh, TN 64114",Myerschester
"Gillespie, Foster and Boyd",001-862-502-0221x7258,"Unit 1730 Box 5566
DPO AA 26190",North Carolfurt
Olson Ltd,+1-446-162-1060,"45318 Delgado Junctions Apt. 756
Jamesburgh, IA 92476",Katherinefurt
Allen-Mccullough,8921994982,"3715 White Gardens Apt. 568
South Sarah, AK 76176",East John
Turner-Ramirez,679.699.5497,"53362 Woods Viaduct Apt. 059
Ronaldview, SC 94816",South Nicholasville
Mcbride-Rogers,820.665.7265x01138,"4742 Fischer Club Apt. 161
West Carrieview, WA 33065",Scottchester
"Lucas, Bush and Miller",3334774489,"4664 Debra Row Apt. 580
Lake Stephen, TX 87375",North Michelle
"Deleon, Guzman and Porter",+1-342-496-7540,"94721 Schultz Neck Apt. 864
South Evanland, WI 88166",South Jeffrey
"Black, Montgomery and Hernandez",001-763-656-6801x10211,"118 Karen Fields
West Angelaport, GA 22035",Taylormouth
Wilson-Ortiz,(345)889-2010,"Unit 2603 Box 7875
DPO AP 30589",Port Jeffrey
Elliott-Stephens,(416)071-3611x991,"240 Brian Circle Apt. 335
Morrowfurt, KS 49845",South Anne
Norris-Townsend,(630)461-1996x59800,"1117 Doyle Locks
West Aaron, MO 08423",Velazquezview
"Horn, Johnson and Moore",596.993.2969x47891,"886 Tammy Mills
Stevensshire, VA 03285",Shirleyland
Garner PLC,(112)902-8389,"90840 Edgar Light Suite 091
Lake Caseyberg, IA 64520",Evansmouth
"Collins, Williams and Fernandez",001-950-129-4358x2246,"947 Sara Heights
North Brandi, CO 23438",Port Robert
Brown Ltd,9776174564,"3165 Luis Heights
Port Brandonview, OK 04929",Courtneychester
Blackwell Ltd,(604)057-1444x583,"829 Allen Bridge
West Karenburgh, ND 61533",Brianside
Elliott-Mcguire,409-311-5468,"447 Haynes Causeway Suite 347
Smithburgh, WA 40545",Barkerborough
Grant-Davis,+1-672-949-7621x738,"6946 Shaffer Viaduct Apt. 909
Lisabury, LA 90232",Lake Jessicamouth
"Hunter, Ballard and Caldwell",001-594-592-2116x9925,"60550 Fleming Branch Suite 560
Jessicashire, UT 62403",Leslieville
"Chung, Morris and Craig",001-981-892-0136x674,"310 Steven Overpass Apt. 402
Paulside, NM 92478",North Lisaland
Lambert-Gonzalez,001-150-754-9757x0704,"77389 Flores Fort
Scottchester, ME 77945",Lake Josephton
Williams-Strong,935.536.1144,"712 Johnson Squares
Johnburgh, IN 34833",Justinhaven
Owens-Taylor,+1-977-169-9906x1607,"553 Emily Mountains Suite 339
East Mary, MI 74272",Bartonborough
Dodson and Sons,642-655-6122x732,"390 Ramirez Port
Port Julieton, LA 28323",New David
Bowman LLC,(890)877-4218x852,"70033 Katie Walk
South Joshuaport, NY 57110",Port Karen
"Clark, Evans and Navarro",+1-260-408-7633x914,"1567 Rice Route
Mcbrideton, SD 00586",Christinamouth
Turner-Woods,+1-498-827-6905x7873,"413 Abigail Park Suite 737
North Heather, VA 59882",Bradleyport
Ramirez LLC,001-916-437-4521x821,"1488 Cook Ports
South Lindsay, WI 06937",Sandrastad
Graham-Peters,+1-491-368-1719x38393,"72444 Dennis Centers Apt. 058
East Sarahton, NM 90794",Vazquezshire
Bass-Sellers,689-429-9060x47456,"807 Brewer Highway Suite 080
Christophermouth, MO 25526",Port Christina
Lyons Inc,127.959.5462x8745,"0820 Christopher Dale
Angelamouth, GA 29905",Lake Lauraton
Thompson Group,858-115-6375x26624,"81499 Baker Valley Suite 876
Wheelerview, CT 20385",Carlbury
Yoder-Murray,001-593-330-4216x5945,"Unit 6112 Box 2655
DPO AP 68074",Port Emilyburgh
"Walters, Jackson and Webster",505-482-7536x693,"88321 William Glens Apt. 368
New Anthony, IN 56413",North Ronaldmouth
"Miller, Johnson and Fernandez",985.790.0081x8718,"228 Kathryn Mountains Suite 986
Cortezmouth, IA 90538",East Garyton
"Hubbard, Clark and Hicks",272-502-0028,"77599 Ruiz Stream
South Brianburgh, DC 12695",South Cassandra
Jones-Miller,028-684-5516x43547,"8892 Patrick Shoals
Tristanfort, OH 00576",Paulmouth
"Anderson, Patrick and Scott",+1-886-931-4697,"03198 Washington Ferry Suite 086
South Amberside, GA 92116",Lake James
"Dennis, Parker and Sanchez",921-065-5873x078,"456 Nelson Street
Ericside, NH 82097",Port Markview
"Anderson, Robinson and Phillips",7809531647,"687 Bell Knoll Suite 015
West Bryan, OR 07413",Andersonville
Kelley PLC,942.961.3748x773,"Unit 3990 Box 8289
DPO AE 64562",Jamesview
Simmons Ltd,(219)975-7084,"6249 Michelle Islands Apt. 374
West Heather, VT 67074",New Curtis
"Potter, Brown and Torres",231-909-9113x65369,"54122 Wayne Ville Suite 760
East Kellyview, OH 61069",Tylerburgh
Williams Ltd,4174921015,"89168 Fisher Brooks Suite 220
North Kevinville, TN 96538",Mooremouth
Aguilar and Sons,(793)316-0706,"68882 Rebecca Islands
East Virginiamouth, SD 49728",Lake Chloeshire
Rivera-Nelson,+1-335-588-5454x314,"141 Ingram Ferry
Carlsonport, SC 09759",East Stephanie
Robinson and Sons,+1-900-879-1636x908,"95830 Watts Isle
Traviston, WA 96014",West Stephaniemouth
Richardson Group,(924)099-7995,"48378 Morris Pines Apt. 216
Port Williamville, MD 62944",Walterborough
"Tran, Douglas and Harvey",(015)911-4687x4992,"5607 Ernest Summit
South Petertown, MS 89142",Stephanieberg
Hodges and Sons,504.107.9130,"7970 Robinson Field
Salinaschester, CT 85213",Longland
Hughes-Jackson,998-292-0906,"66899 Johnson Crescent
New Gregoryland, CO 53101",East Lindsayville
Stevens-Rogers,+1-708-348-4200x729,"59277 Adam Station
West Justin, DE 07549",West Kenneth
Hart PLC,647.576.5079x307,"47794 Mccoy Shores
Jacksonfort, OR 28670",South Thomas
Morse-Hoffman,(440)514-8820x3017,"677 Jenna Village
Port Rhonda, OK 56596",Derekport
Stewart-Soto,(828)634-0022x45412,"71892 Robinson Common
Harrisfurt, DC 31479",Andrewsmouth
Thompson Ltd,+1-570-095-8264x37944,"213 Mitchell Port
East Craig, IA 36277",Gonzalesport
Phelps-Robbins,5648556923,"00248 Hamilton Ferry Suite 310
New Larry, DE 83903",North Melanie
Jackson-Robinson,001-341-741-8533,"2416 Gray Route Apt. 246
Boydland, AL 93137",North Tom
"Snyder, Caldwell and Campbell",001-204-401-6159x495,"652 Williams Mount
Jonesstad, WI 51744",Muellermouth
Jones-Wu,744-909-5102x39344,"PSC 9721, Box 2253
APO AA 34031",South Morganfurt
Sherman-Baker,301.017.1427,"07362 Kimberly Village Suite 643
Andersonton, VA 24172",New Joel
Gutierrez LLC,+1-544-924-8841x926,"310 Myers Neck
Richardtown, WA 29671",Gutierrezshire
"Singleton, Andrews and Bell",(773)180-8829,"431 John Coves
Mariaside, WA 13977",Jeffreyburgh
"White, Crawford and Pearson",958.016.7653x7393,"4785 Felicia Circle Suite 239
North Melissa, KY 96802",Frederickside
Decker Group,+1-152-318-5664x8137,"4464 Charles Creek
Sanchezborough, GA 09107",North Julieburgh
"Simpson, Thomas and Smith",001-117-114-7043,"204 Charles Viaduct
Perezfurt, WV 57676",South Bradleyburgh
Marshall Ltd,+1-314-339-0357x53136,"30050 Christine Square Apt. 097
Kingfort, KS 26841",Andreaborough
"Harper, Blake and Alexander",(144)381-3923,"882 Smith Heights
East Cherylborough, DC 06299",Devinmouth
Aguilar-Frederick,+1-057-752-7548,"6353 Chad Circles
Brewerland, NM 53897",Michaelport
Davis-Hurley,(172)389-0239x87614,"687 Sparks Forks
East Patricia, NC 25546",West Catherine
Chan-Elliott,021-322-3933x46620,"16644 Kelli Spur
Gregoryville, SC 80630",Toddberg
Williams and Sons,+1-279-007-2137x9870,"8921 Juan Ville
New Monicashire, MD 92426",Lake Heather
Robinson Group,195-943-0311x0414,"212 Kelly Station Apt. 790
North Amandafurt, MA 37113",East Stephanieview
Shepherd-Yates,477-819-1257x990,"973 Garner Mews
Peggymouth, MO 33680",Port Aaron
"Oliver, Cross and Gilbert",001-607-614-4871x9620,"USS Mcintyre
FPO AA 76857",South Michellechester
"Davis, Sanchez and Hernandez",452.214.9646x15610,"61204 Christopher Springs
North Kathy, SD 81291",Johnsonside
Lewis-Peters,864.412.4651x28059,"965 Jesse Course Suite 126
Annabury, RI 51241",South Jasmineville
Carter-Jones,892-412-5796,"26720 Candace Inlet Suite 052
Hendersonton, MA 30678",East Terrancemouth
Blair LLC,(213)522-3298x866,"084 Alejandro Ports Apt. 820
Sarahton, LA 54906",Phillipsfort
Gonzales-Keith,986-491-7149x656,"4934 Mitchell Lake
Sharonchester, NJ 09163",Sharonton
Huber Group,001-841-494-8011x4394,"36361 Roger Trail Apt. 099
Ashleybury, MD 98039",Reidland
"Chapman, Barrett and Lopez",158-680-9083x1158,"1402 Kimberly Plaza Apt. 787
Katherinetown, OK 71945",Crystalborough
Hayes Ltd,001-907-009-4281x18158,"581 Michael Fields Suite 491
East Meganburgh, TX 89090",North Nicoleport
James Group,001-385-215-0963x215,"27163 Jennifer Roads
Williamsside, ID 07654",Lake Coryhaven
Gonzales-Moore,495-926-2302x026,"326 Parker Crescent
South Hailey, SD 72035",Lake Anthonyport
"Lewis, Pierce and Wilson",001-076-665-0771x26410,"2950 Daniel Center Suite 368
Danieltown, NJ 69910",North Briannabury
Rice-Dawson,(937)981-7733x90321,"9152 John Roads Apt. 986
Curtiston, ID 14419",New Samuel
"Lopez, Davis and Duncan",424-107-9020,"1779 Zachary Island Suite 743
Santosmouth, IL 00898",South Richardhaven
Bradford-Martinez,199.451.0254,"366 Wheeler Fields
Harringtonchester, WY 86540",New Carol
"Lutz, Smith and Martin",+1-643-647-0236x085,"8964 Reed Valleys Suite 413
Davidborough, MA 78474",Chambersfort
Holland and Sons,184-401-2586x9344,"430 Tyler View Apt. 166
South Katherine, TX 04269",New Richard
Simmons-Mcdaniel,175-617-1876,"237 Jason Trail
East Jacobborough, VT 07794",New Douglas
Thomas-Carpenter,021.908.0322x164,"0891 Martin Shore Apt. 596
Mcdonaldstad, PA 01987",Port Ronaldshire
Sherman-Garza,(357)159-0029x4117,"044 Johnson Brook
Velazquezville, IA 66365",Port Kevinburgh
"White, Hutchinson and Williams",655.056.4788x798,"6135 Michael Extension Apt. 708
Brendaborough, MN 18905",Nolanmouth
Jackson and Sons,001-749-533-8145x88455,"Unit 2891 Box 0702
DPO AP 62264",East Caseyfort
Harrison-Wilson,269.475.2515,"904 Christopher Station
Lake Patriciaborough, AR 56947",Cunninghambury
"Barrera, Jenkins and Boyd",(912)706-8422x13941,"0939 Meyer Wells
Lake Jeanne, PA 23420",New Jeremyberg
"Holland, Parks and Scott",+1-260-583-9227x932,"031 Sydney Freeway
Cynthiaton, PA 51451",Lake Christinaborough
Hammond LLC,001-324-482-4894,"7396 Patrick Row
East Roy, UT 18983",New Carol
Shields-Moore,9332911651,"922 Bailey Overpass Suite 885
New William, VA 50509",New Dawnborough
"Floyd, Jones and Alvarado",106.317.0700x02344,"55399 Bullock Cove Apt. 326
East Latoya, KY 21621",Brittanyport
Hodge-Leblanc,3692481031,"2243 John Squares
Johnburgh, TX 33271",Port Eric
Ramos and Sons,5918690343,"6378 Kendra Greens
East Jacob, IN 59852",West Aliciabury
Edwards-Ryan,2659382103,"259 Valerie Pike Apt. 290
Coffeychester, WV 02293",Beasleyhaven
"Greene, Wood and Hernandez",238.551.4657,"69618 Jacob Stravenue
South Jacobton, OH 42099",Garciaport
"Peck, George and Klein",7482492553,"481 Bowman Isle
Michaelbury, CO 60876",Coopermouth
Davis Inc,432-172-5411x1981,"83459 Allen Causeway Suite 409
Olsonborough, GA 85285",Lake Nicolebury
"Baker, Gardner and Callahan",520-919-5240,"18439 Amanda Field Apt. 333
Mccartymouth, MO 88867",Port Gregton
Russell-Graham,197-361-9121x02684,"7757 Roy Mountain
Port Emily, KS 36318",Andrewstad
Cruz Inc,242.471.4335,"96242 Luis Mill
South Jeffrey, PA 65606",North Julieburgh
Sanchez-Fisher,971.803.6233x098,"77514 Todd Creek Apt. 870
East Ashley, ND 47642",West Corey
Watson-West,+1-789-619-8079,"864 Martinez Valleys Apt. 859
Byrdland, OH 05345",Williamschester
Carr-Wells,(535)017-9013x9281,"202 Castillo Course Suite 667
New Joshua, OK 47311",Jefferyside
Carlson-Mathis,518.257.3189x434,"98491 Matthews Mall
Lake Juantown, NY 51580",Maynardstad
Jenkins-Carpenter,1448122181,"9447 Dixon Orchard
Port Jacob, DE 27747",Toddstad
"Webb, Phillips and Garcia",001-401-943-3400,"09931 Snyder Station Apt. 218
Ritterborough, IL 82418",Bradleyport
Bass-Gay,064.805.9663,"USCGC Perez
FPO AP 05466",West Margaretfort
Lopez-Duffy,048.373.4973x79978,"PSC 0689, Box 6828
APO AP 21295",Mooneybury
Ibarra and Sons,855-385-3050x223,"Unit 2034 Box 3584
DPO AE 66830",Joneshaven
Fitzgerald Group,048-163-0381x7780,"3303 Smith Gardens Suite 639
Jonesberg, WY 23098",South Kendra
"Patterson, Harris and Kelly",8457019148,"887 Martinez Spurs
Thorntonshire, WV 04210",Meghanfurt
Martin PLC,001-672-728-8347x500,"3517 Dalton Pike Apt. 053
Meghanside, MT 10430",Port Linda
Butler-Cook,+1-209-476-5112x24812,"561 Schmidt Estate
Robertsonton, OK 26803",Markberg
"Mills, Osborne and Dickson",1800451358,"05338 Karina Village
Boyerfurt, TX 92321",New Steven
Riley PLC,643-573-2130,"4036 Scott Course Apt. 174
New Elizabeth, SD 35504",Robertton
Clarke-Farley,(953)723-2621x740,"9050 Jacob Cape
East Donaldfurt, NY 58115",Lake Michaelview
"Smith, Glover and Mcintyre",(502)012-9123x94085,"183 Jessica Island Suite 755
Rebeccafurt, ID 61131",East Laurashire
Robertson PLC,100-131-6521,"23699 Garcia Villages Suite 124
South Williamhaven, MT 23890",South Tammy
Wright Ltd,062.226.1859x3237,"PSC 7619, Box 8525
APO AE 61072",Tammystad
Douglas-Colon,439.020.2351,"30465 Latoya Haven
Hartville, NC 48753",Port Marcland
"Wolfe, Garner and Jones",(373)758-7748x038,"88370 Harris Lock Apt. 882
South Catherine, DE 56707",Fullerborough
"Evans, Wright and Mitchell",001-726-568-9224,"73725 Anthony Way Apt. 971
West Pamela, OH 61366",North Keith
Gonzalez-Parrish,164.336.2362x38847,"600 Sanchez Meadow
Jessicaview, KY 72375",Heathborough
Doyle LLC,0312154595,"8157 Tammy Road
West Stephenchester, NC 16381",Brittanyside
"Bell, Davis and Hickman",+1-754-517-2435x37063,"4454 Jackson Plaza Apt. 447
Thomasburgh, CT 44776",Ambertown
"Sullivan, Thornton and Peterson",(688)116-5399,"1679 John Court
Katherineberg, ID 45885",Saraburgh
Fleming Ltd,(646)465-3368x3676,"080 Powell Rapid
South John, CO 90063",West Amanda
Garcia-Hunter,150-729-4411,"019 Amy Station
South Daniel, MD 51890",North Ianbury
Maldonado-Davis,9538261424,"51547 Desiree Cape Suite 175
Port Benjaminfurt, RI 95290",Boylechester
Wright-Mcclure,+1-982-494-3609x2407,"569 Laurie Lake
Lake Erikview, WY 06966",Rodriguezfurt
Nelson LLC,+1-859-029-3911x34890,"773 Frazier Ranch
Kellerbury, GA 32205",Lake Andrewmouth
Johnson Group,(007)484-4365x34610,"0019 Gray Trafficway
North Sara, NC 74122",Williamsfort
"Parker, Jordan and Thompson",+1-616-367-6583x630,"536 Steven Isle
Boyleborough, MA 13719",South Brandiberg
Briggs-Stewart,(398)927-0621,"86658 Rachael Drive
Port Jennifer, MO 54683",Martinezfort
"Davila, Green and Avila",2386104312,"28646 Tiffany Meadow Apt. 469
Lyonshaven, IA 48088",Lake Amymouth
Shah Group,953-840-3880,"1654 Singh Roads
Paynehaven, RI 22772",Lake Jeffreytown
Williams-Boyle,633-782-3532x46627,"09025 Callahan Club
Ramosport, WY 36155",North Edwinchester
Mayo PLC,646-258-2814,"15094 Kennedy Highway Suite 900
South Michael, MT 31746",Mckinneymouth
Peters-Johnson,106.150.3989x9566,"6383 Gomez Islands
Sanchezport, IA 35229",Jasmineberg
Roberts Group,043-467-7558x957,"160 Sheri Course
Mossfurt, MO 13285",East Elizabeth
Allen and Sons,370-552-5469x768,"17628 David Plain Suite 137
Port Michaelton, AZ 66272",West Tammy
"Bender, Jordan and Bennett",001-194-509-7599x83421,"635 Herrera Trafficway
Huynhside, CT 11395",Lake Alicia
"Miller, Conner and Clark",+1-075-795-2419x75821,"4464 Shaun Plain Suite 161
Sandraview, TN 76190",Villaborough
"Walker, Brennan and Townsend",(194)900-2168,"Unit 9379 Box 7124
DPO AP 65325",Port Rubenville
Davidson Group,+1-729-788-7288,"1894 Harvey Pike Apt. 102
Davisfort, NE 43626",Port Lauraville
Holloway-Koch,323.974.7052,"2889 Jorge Fields
South Thomasland, AR 38794",Jamesport
"Edwards, Johnson and Cross",869-227-8515x888,"5969 Burke Ridges
North Kevinborough, MT 75005",South Jeffreyburgh
Cox LLC,001-018-140-2068x875,"406 Lucero Mountain Apt. 736
Mollyport, RI 14316",West Whitneymouth
"Herrera, Fritz and Banks",(057)146-9859x95415,"USCGC Adams
FPO AP 17515",Port Heidiland
Cox-Mcintyre,(422)450-8076,"85337 King Junction Suite 272
East Nicoleshire, ID 63161",South Jillshire
"Newman, Pearson and Mccarthy",905.549.7068,"4719 Darryl Isle
New Rebecca, GA 13003",North Gary
Mckinney LLC,(338)059-6636x909,"52072 Rhonda Flats
Lake Brandon, VA 43437",East Sandra
Hogan-Oliver,001-484-018-9255x90683,"03856 Garcia Course Suite 618
New Patriciamouth, DC 05462",New Ricky
Ibarra LLC,6703380260,"064 Andrea Land Suite 946
Lake Melody, ME 49581",Adambury
Palmer and Sons,+1-218-970-3762,"4079 Kathleen Tunnel
Lisastad, NE 35010",South Thomas
"Barry, Powers and White",(023)817-1166,"1145 Justin Light
Richardside, CT 45760",Murrayborough
Jenkins-Carrillo,025.332.6781x596,"656 Denise Spurs Suite 112
Joshuaborough, NY 66307",Lake Ryanbury
Smith Inc,+1-340-986-4095,"00691 Joseph Parks
Matthewville, CO 02023",Matthewbury
"Harris, Perez and Willis",581-281-6112,"549 Moody Road Suite 873
Jacobshire, VT 80966",South Christopherborough
"Mcmillan, Gallegos and Perry",247-797-3341x5155,"4963 Decker Loop Apt. 710
West Karen, MO 17141",North Nicholas
Mitchell-Watson,001-366-677-9015,"2215 Jacob Valleys Suite 115
Garcialand, SC 12573",North Tracy
"Phillips, Wolfe and Martin",001-548-413-4962,"Unit 1376 Box 6294
DPO AE 62072",Thomasville
"Hood, Hoffman and Wright",992.697.3906x31622,"783 Gonzales Valleys Apt. 115
Alexandrialand, NH 52248",Louismouth
May and Sons,214.577.9133,"76603 Heather View Apt. 463
East Maureenberg, MI 77494",West Ashleytown
"Walker, Wong and Norris",(955)670-0410,"6246 Smith Drives Suite 621
Jamesfurt, CO 01830",Valenzuelaville
"Scott, Johnson and Villa",001-144-195-6495x72650,"265 Williams Canyon Suite 869
Port Joseph, AR 44255",Port Dustin
Berry-Mack,(769)872-1659,"188 Tamara Crossroad
Lake Melissa, FL 63621",South Stefanietown
Strickland LLC,(872)958-7902,"2522 Marissa Brook Suite 849
Andersonberg, IL 05110",Lake Kyle
Rose-Pearson,735.520.0971x89331,"48119 Luna Villages
Cherylfurt, HI 56512",North Aaron
Rowe-Arias,090-649-4737,"8041 Joseph Shoal Suite 878
North Robertfurt, KY 43667",South Alicia
Bowman LLC,039-263-2786x611,"64024 Hunter Plaza Apt. 997
Grantstad, NM 06478",Port Patrick
Espinoza PLC,(410)539-3296,"410 White Heights
North Todd, ID 25520",West Michael
Carey PLC,001-734-038-0600x959,"77230 Nicole Row Suite 887
East Joshua, KS 15916",Donnaborough
Cole-Ochoa,001-392-997-5127x129,"832 Richards Lakes Suite 950
Adambury, MS 43653",South Crystalberg
"Gonzalez, Tapia and Stewart",206-007-4668,"USS Jacobson
FPO AE 77920",North Ashley
Clay LLC,004.834.6521x6955,"58290 Keith Hills
West Danielle, UT 38692",Butlerview
Fleming Group,218.201.2221,"491 Stafford Harbors Apt. 774
Reyesburgh, ID 82774",East Lauren
Snyder-Gordon,134-622-9488,"952 Browning Port Apt. 921
Sarahhaven, UT 94085",Anthonychester
Henry-Terry,(205)168-6653,"94883 Silva Plaza Apt. 966
North Ericborough, WY 57244",East Brittanyland
Reid Ltd,+1-880-332-3175,"94855 Gardner Union Suite 670
Lake Diana, OK 96757",Lake Ethanview
"Bray, Nguyen and Christensen",589.913.5215x7984,"27009 Sheri Forges
Heidiview, AK 10251",West Robert
Harrell-Hanson,4957265323,"660 Anthony Canyon Suite 057
Arnoldchester, MA 72162",Devinton
Patel and Sons,+1-731-068-2964x54440,"7364 Green Wall Suite 340
Fisherbury, VA 78253",Deckermouth
Smith-Villegas,001-467-901-7553,"5916 Craig Courts
New Kevinfurt, MS 57479",North Lindseychester
"Weeks, Wood and Sharp",(200)440-3875,"4812 Paul Plaza
North Amanda, WI 89597",Brownton
Cox-Richmond,+1-572-551-8798,"USNS Ingram
FPO AA 14461",Williamsland
"Montgomery, Dominguez and Hopkins",575.394.8230x121,"565 Davis Shoals
New James, ND 98971",Solisburgh
Elliott-Jones,690.272.6499,"Unit 8546 Box 6518
DPO AE 36672",Lewisberg
Avila Group,001-835-594-3012x252,"099 Rodriguez Creek
Ronaldport, RI 02598",Aprilberg
"Pollard, Yoder and Martin",731-612-0267x787,"3352 Willis Junctions Apt. 432
Lake Pamelaborough, NV 36555",Steeleport
Anderson-Stevens,160-803-0342x27712,"82308 Richard Mall Apt. 824
Joshuafurt, UT 33812",New Ryanbury
Wilkins-Boyle,352-462-9637x24350,"907 Shawn Lakes Apt. 626
West Benjaminton, AK 55564",Lake Sarah
Cooper-Gill,+1-161-221-8545x570,"94711 Tracy Court Apt. 437
Tammyborough, ME 89430",West Omar
Foster Ltd,7045041352,"5394 Laura Cliffs
East Angela, NH 01271",South Johnshire
Payne-Pena,(370)216-0851,"6560 Jesse Brooks Suite 699
North Rebeccafort, ID 49869",Millerstad
Nelson PLC,(302)042-7352,"USNS Walker
FPO AE 02837",Lake Christophermouth
"Cruz, Lee and Fernandez",973-312-0803,"659 Janice Land Apt. 415
Christopherburgh, CT 46250",Martinville
"Bruce, Lewis and Anderson",+1-087-761-6513,"587 Julie Oval Apt. 908
South Elizabethbury, IA 98406",Ritterburgh
Hines-Rangel,2330894330,"595 Walker Islands
Casetown, UT 11286",Barryside
Rogers-Warren,001-439-195-6960,"408 Katelyn Bridge
Dayshire, LA 95554",Jamesfurt
Fitzpatrick and Sons,+1-011-366-8942x777,"492 Wright Wells Apt. 328
West Charles, WI 51630",New Tammyland
Miranda Ltd,490-189-7305x43330,"71888 Peterson Gardens Suite 750
Port Susan, SD 20635",Wheelermouth
Barrera-Ward,958.242.0037,"55591 Eric Corners Apt. 955
Riveraburgh, NJ 52897",West Juliabury
Rivera Ltd,+1-832-244-5987,"2319 Wong Station Apt. 425
Morrisonbury, KY 44766",Manuelhaven
Hunt-Lee,001-681-802-0601x91223,"1004 Michael Mission
East Kenneth, NY 07626",Davidborough
"Case, Anderson and Morris",732-582-4147x6156,"6712 Rojas Inlet Suite 958
Schmidtbury, ME 51653",Taylorfort
Lambert Ltd,351.542.5864x527,"10860 Jones Fields
North Nicholasmouth, MI 89187",South Jerryside
Williams PLC,544.339.0699x37985,"4260 Emily Extensions
Pinedafort, IN 16450",Lake Jefferyborough
Steele Ltd,001-300-000-8103x26863,"79988 Laura Motorway Suite 853
West Kennethfort, NV 88945",Heatherview
Davis PLC,001-336-175-1470x894,"PSC 0380, Box 0806
APO AE 90542",Port Glendastad
Andrade Inc,4816317562,"41963 Woods Skyway
Joanneside, KY 56457",West Erinport
Chase-Gross,(041)493-1650,"950 Nicole Burg Suite 178
Donnamouth, AL 08654",Heatherside
Alexander PLC,347-730-0183x269,"467 Heather Trail Apt. 416
Smithstad, SD 08586",Arnoldmouth
Brown LLC,(155)397-5919x994,"013 Cook Spring
Bradleyborough, CA 82476",Jasminechester
"Torres, Marshall and Williams",001-504-903-6137,"917 Melanie Via Suite 259
Alexanderfort, UT 16154",North Alison
Leach-Alvarado,793-471-7134x359,"9446 Camacho Groves Suite 847
South Tony, MD 46082",Collinston
Perez-Howe,001-947-698-1631x56761,"7844 Ross Via Apt. 392
North James, SC 30883",Randallville
Butler-Anderson,593.024.1356,"927 Edward Stream Apt. 658
Port Melissaport, ME 18030",West Christopher
Bradley-Smith,840-107-5994,"870 Contreras Brook
Laurashire, CT 25941",Jeremiahfort
Schmidt Ltd,3466470514,"8891 Colleen Lodge
New Kristenstad, VT 55046",Brownchester
"Mills, Smith and Martin",(202)949-6624,"04051 Murray Forge Suite 530
Seanmouth, MN 69922",Kevinfort
"Hernandez, Rodriguez and Tanner",464-623-1310,"878 Wall Course Apt. 546
Lake Davidtown, RI 22137",Davisshire
Douglas and Sons,(883)611-4618x987,"6331 Kathleen Hill Apt. 153
Johntown, ND 42493",North Charlesside
Thompson-Ortiz,5027424022,"389 Everett Camp Apt. 540
Wongfort, MA 92301",Riceshire
Ayala LLC,714.879.6195x1367,"PSC 6395, Box 4259
APO AE 55285",East Roberthaven
Byrd-Mitchell,454.722.9408,"336 Mclaughlin Drives
New Rachel, OK 37858",Thomasfurt
Hernandez-Todd,280-061-2048,"2686 Delacruz Burgs
Alyssaburgh, WY 28602",East Darrell
Farmer-Gilbert,(375)215-6908,"73098 Charles Harbor Suite 608
Welchbury, WY 30443",Robertland
"Davis, Bowen and Miller",9207424674,"418 Adam Mission Suite 750
Jessicaville, OR 26759",North Mike
Gonzales Group,+1-790-667-8198x9396,"9183 Robert Mill Suite 331
Curtisview, MI 18328",New Matthew
Thomas and Sons,0397863480,"58989 Matthew Isle
Port Michaelview, AZ 51434",Christopherchester
Cohen LLC,505-968-5997x50685,"Unit 8432 Box 4483
DPO AA 07457",East Anthony
"Glover, Wilson and Hudson",(315)080-3138,"3045 Joshua Fall Suite 109
Khanshire, AL 47705",East Ashleyshire
"Schwartz, Odonnell and Padilla",955-658-8107x92494,"23011 Barnett Falls Apt. 524
West Cameron, WY 52614",Deborahfurt
"Hanson, Wilkerson and Lee",759.535.5451,"948 Evans Green
Lake Carol, GA 38897",Port Peter
Snyder Ltd,805-601-1161x98115,"04976 Harris River Apt. 880
Josephland, CT 42183",Anthonyton
Glass Inc,297.322.1309x74402,"USNS Mayer
FPO AA 41836",Kylehaven
Wilson-Cook,276-435-4585x5485,"005 Steven Club Suite 180
Robertston, CA 27213",Smithfort
Serrano-Lopez,(225)688-7752x0658,"312 Hodge Center
West Stevenshire, KS 70989",South Justinborough
Hart Ltd,001-990-952-7428x406,"0749 Bowman Turnpike
South Victoria, WA 89713",Richton
Rose-Tucker,(986)020-7916x11966,"40207 Martin Stream Apt. 277
West Thomasside, IL 10256",Lake Alexis
Cook-Rodriguez,718-514-8646x3588,"06893 Sutton Meadows
West Janet, NM 26129",Taylorchester
Porter-Clark,(857)416-7459,"7685 Derek Mountains Apt. 112
East Donald, NV 08951",East Amymouth
"Castillo, Nichols and Miller",084-323-1485,"3500 Anderson Tunnel
South Jacqueline, TX 94101",Alexanderstad
"Olson, Johnson and Figueroa",001-990-205-7079x72906,"99198 Lisa Ranch Suite 190
New Arianaton, CT 16571",Lake Benjamin
"Peterson, Davis and Serrano",4838442985,"3793 Jones Inlet Apt. 560
Amymouth, VA 40417",West Thomas
Barry-Bell,+1-188-325-8079x554,"6963 Roberts Street Suite 944
Ramirezside, ME 50685",West Jeffreyland
Meyer and Sons,001-738-662-6338,"08209 Eaton Streets Apt. 968
South Laurenside, RI 88383",Carolchester
Morris and Sons,4451031863,"4573 Velasquez Brooks Suite 077
New Eric, MS 48382",Anthonyfort
Kennedy-Johnston,(669)695-7079x59486,"72862 Matthew Prairie Apt. 637
Reidland, CA 77085",Nicoletown
"Davies, Salas and Clark",779-969-0977,"USNV Gonzalez
FPO AE 52004",Port Leahfurt
Brown and Sons,200.655.1498x63749,"87132 Holland Hollow
Mirandamouth, IA 28722",North Christina
Carlson-Gray,001-917-927-6401x030,"235 Carroll Ways
Kaiserfort, AZ 12910",Lake Michaelchester
Ortega Inc,399-519-7057x713,"9849 Newton Stravenue
Port Andrew, LA 24512",Contrerasberg
"Porter, Sanchez and Fisher",130.001.1415,"02064 Carl Drive Apt. 966
Gonzalesville, NJ 58251",Bradleyview
Martinez-Graham,001-974-692-9262x419,"002 Jessica Pine Suite 278
Davidville, NE 33218",Elliottberg
Flores-Pope,001-318-564-6161x5712,"595 Smith Bridge
East Kathybury, HI 61275",Chadview
Bell Inc,703-343-4632,"557 Richard Flat
West Willie, MN 30891",South Sarahville
"Strickland, Sims and Gray",311-338-5086,"USNV Peterson
FPO AA 78656",New Crystal
"King, Schneider and Banks",+1-965-260-6135x55791,"4903 Hayes Neck
South William, VA 09048",New Billy
Waller-Nguyen,150.181.0420,"324 Jones Drives Apt. 874
Chungland, SC 74447",Danaville
Nichols-Barnes,507-731-3315,"PSC 0287, Box 6878
APO AP 95472",Port Richardshire
Smith Group,(876)479-0500,"PSC 0438, Box 0878
APO AE 55216",Lake Lindsay
Barton Group,(382)167-2183x377,"535 Taylor Ford Suite 086
Marystad, ID 13421",North Paulstad
"Roberts, Griffith and Clark",001-103-215-0810x47791,"585 Megan Crossroad
Kennethside, NJ 77196",Robertsonfort
Gibson and Sons,(804)688-7617,"0835 Franco Common
East Martha, SD 01753",Grahamside
Hale Ltd,6627988559,"0804 Adkins Valley Apt. 988
North Alvin, MT 64482",Morganside
"Roberson, Marquez and Mcdowell",001-664-180-0480x4998,"763 Lewis Springs Apt. 567
Stevenberg, DC 99917",New Erica
Moore LLC,(305)756-5998x6969,"316 Clark Throughway Suite 810
Port John, ND 69257",East Timothy
"Cruz, Branch and Pierce",000.621.1526,"Unit 0162 Box 8564
DPO AA 55163",South Lisabury
Rios Group,003-727-0894x163,"58472 Snyder Squares
Port Zacharyton, CT 67515",Madisonfort
Simmons PLC,(272)507-6150,"7157 Denise Estate Suite 437
Paulland, AR 99422",North Katelyn
Smith-Rodriguez,+1-561-628-5780,"90439 Henderson Common Suite 037
West Paulport, AL 92938",South Linda
Smith Inc,(260)635-1016,"23176 Moore Viaduct Apt. 227
South Racheltown, AR 68895",New Robertland
Brown Ltd,164.699.6716,"8358 Randy Mission
Markmouth, SC 03456",Castilloport
"Gutierrez, Anthony and Shannon",2924416283,"6787 Jamie Fords Suite 103
Wademouth, IL 18159",Lake Justin
Murray Inc,291.605.6162,"9576 Johnson Course
Farrellport, IN 73821",New Hannah
Sanders-Hutchinson,001-460-802-8118x0406,"USNS Wade
FPO AA 18533",Port Lauriechester
Carey-Ramos,178-837-6236x9304,"6431 Kelly Brooks
West Stephaniemouth, NV 75536",East Edwinburgh
Barber Ltd,001-045-508-9337x308,"9428 Garcia Loop Apt. 919
Amberfurt, KY 73455",Port Jacob
Terry Inc,280-723-4101x315,"447 Peterson Shore
Ramirezchester, VA 69602",Johnton
Huerta PLC,001-914-311-6419,"6435 Moore Glens Apt. 887
South Nicoleburgh, CT 31272",Lake Brendaland
"Wilson, Watkins and Moore",782.944.0904,"57044 Fisher Valley
Parkerland, ID 82897",Phillipsfort
Alexander-Mendoza,596.249.3643x159,"08769 Colleen Mount Apt. 218
Torresberg, TN 59083",East Johnburgh
"Sanchez, Mendez and Hill",+1-371-882-7467x781,"03470 Cooke Cape Apt. 822
South Michellemouth, MO 20350",Port Pamelaport
"Bishop, Martinez and Robinson",001-071-886-3052x2779,"0139 Cox Unions
New Ryan, ID 34556",Port Daniellechester
"Allen, Ramsey and Cortez",594.468.5130,"480 Bruce Run
Dennischester, CO 85895",Charlesmouth
Roach-Wheeler,001-215-175-9576x5678,"8571 Tonya Viaduct
East Pamelafurt, NM 42162",Rebeccaburgh
"Fields, Bell and Ferguson",431-737-8806x5808,"774 Smith Ridges Suite 425
Davidsonshire, TX 01449",Ashleyton
Gonzalez Inc,679-305-8392,"0269 Sanchez Fields
Alexanderfurt, AL 45894",South Nicole
Henderson Group,854-929-8365,"655 Mallory Fork
North Mary, WY 23835",Bentonfurt
Leon and Sons,+1-210-177-5545x47003,"63135 Sonia Stravenue
Chungstad, MI 04689",Port Jerome
Alvarado LLC,5915828492,"48690 Boyle Plaza Suite 271
North Briantown, AK 84478",East Jacobchester
"Lopez, Roach and Roach",001-785-448-3246x762,"8319 Brandi Place Suite 155
Jamesbury, NC 87170",Lake Regina
Lopez-Gonzalez,(563)896-5959,"PSC 7602, Box 7270
APO AP 99047",Hamiltontown
Brooks-Mccarty,(297)995-3926,"8686 Thomas Union
East Leonmouth, CO 18252",East Kevin
"Madden, Burke and Norris",+1-237-950-6012x5247,"42593 Acosta Plain
New Molly, NC 37742",Owenschester
Turner-Bell,001-145-904-7946,"413 Chapman Locks Suite 792
Port Brucetown, HI 04419",Suzanneport
Bates-Johnson,001-721-708-9864x7257,"89427 Jennings Station
South Donald, ID 37797",Millerview
Nelson-White,001-558-380-9342x873,"413 Atkinson Lodge
South Michael, WY 43133",North Douglasfurt
Baker-Mcdonald,933.503.6294x194,"290 Bowen Loaf Apt. 261
Gordonshire, ME 35368",East Andrea
"Murray, Fisher and Johnson",099-729-5682x02308,"6181 Ortiz Lane
Joefort, NM 41365",Bridgetside
Frazier Inc,001-577-052-9311x74815,"2265 Luke Streets
South Emily, DE 29085",West Peterborough
Cordova-Hernandez,001-379-599-8238,"USNS Joyce
FPO AA 64112",Stewartfurt
Kelley-Brown,405.865.9814,"85392 Jackson Plain
North Carrie, IL 86562",Port Erinton
"Johnston, Shelton and Sellers",001-716-089-5283x110,"76976 Myers Spurs Suite 680
West Katieville, NY 87868",Christianfurt
Wilkerson-Woods,3597678978,"51520 Deborah Views Apt. 001
Moranbury, VT 92348",Samanthabury
Alexander Inc,001-571-446-5989x8076,"76163 William Stravenue Apt. 727
West Pamela, MO 11674",North Stephanieville
Curtis Ltd,126.286.0156,"USS Molina
FPO AA 14062",New Robert
"Anderson, Adams and Roberts",+1-941-120-2190x554,"Unit 8792 Box 5188
DPO AP 55807",New Denise
"Barker, Gibbs and Lopez",8977010648,"518 Francis Estates Apt. 955
Gonzalezhaven, DE 36339",Brownshire
Young-Jackson,011.721.1555x539,"4444 Sharp Hollow
Timothymouth, AR 56543",West Daniel
Sparks-Berry,867.938.9153x710,"72131 Walter Radial Suite 498
Port David, ND 60911",Chelseyfort
"Jones, Ortega and Rubio",(993)551-7736x1457,"61516 Villarreal Lights
South Ashleymouth, OH 60424",East Craig
Blankenship-Lewis,651-552-2403,"883 Lee Alley
East Robertview, MI 64109",Jonathanstad
Harris Group,001-077-563-1726x39015,"230 Brown Courts
West Cory, TX 94355",Levytown
Davis-Kennedy,598-048-5675,"609 Jackson Cliffs
Lake Johnside, ID 47134",Jordanhaven
Mcdaniel-Bates,(398)855-7507x166,"2198 Alexis Passage Apt. 287
Sylviaville, MN 08405",Liberg
Abbott-Robinson,449-700-6900x46176,"PSC 1306, Box 2371
APO AA 44403",Joseville
Small Ltd,1943075475,"85125 Deanna Garden
New Sherry, IL 97694",Gaineschester
"Sutton, Day and Brooks",+1-651-831-7090,"PSC 0203, Box 6449
APO AA 03081",Chelseaside
Davis-Glenn,519-068-6168,"94687 Debra Motorway Suite 487
Steinport, OK 46407",Tylerton
Rojas-Cook,+1-019-312-8887x18286,"397 Ruth Track
South Alyssa, NE 98089",Lake Diane
"Goodwin, Acosta and Chan",001-076-856-9568x65782,"81662 Lawrence Mountains Apt. 545
Sarahstad, ND 47525",Walkerfurt
Roth-Mathews,(032)688-9162,"Unit 2793 Box 6632
DPO AP 04112",Cordovaborough
Lozano-Miller,001-281-026-8022,"590 Michelle Brooks Apt. 406
Danielburgh, TN 15283",Adamsview
Mitchell PLC,001-534-826-6584,"1968 Todd Via Apt. 855
South Melissa, MN 02718",Port Davidshire
Taylor-Lyons,001-846-553-1363,"816 Jackson Union
West Matthew, NM 60621",Port Timothystad
"Cruz, Murphy and Santos",001-070-676-6757,"7859 Derek Center Apt. 703
Lake Yvonne, AR 23556",West Larry
Roy-Hancock,(186)046-9157,"203 Dawn Ridge
Loganshire, SC 01665",Maxwellburgh
"Bowers, Gonzalez and Simmons",+1-401-191-5365x80259,"096 Jonathan Unions Suite 804
South Angelaburgh, NM 97882",Snyderton
"Raymond, Kelly and Yates",(590)421-4384,"8919 Natasha Tunnel
Jacksonburgh, MO 07674",New Aaronberg
Porter Inc,888.141.3309x17466,"459 Allen Valleys
Hoside, WV 99671",Wadeville
"Hill, Davis and Stewart",+1-608-953-5542x841,"6315 Jonathan Views Suite 276
Jerryhaven, TX 90986",Anneville
"Smith, James and Alvarado",4873246566,"1886 Warner Fall Apt. 545
New Codyport, LA 47509",Keithburgh
"Jackson, Miller and Porter",257-230-5531,"8021 Erin Trafficway
New Jamesport, TX 78396",Port Andre
Kim LLC,247.423.7138x621,"5405 Cameron Trace
Kennedyton, NV 57074",Deanport
"Davis, Maldonado and Palmer",861.571.1349x26120,"2622 Kimberly Port Suite 775
Danielland, NE 08014",Torresfort
"Roberts, Howard and Bender",+1-414-385-0073x51267,"67885 Avila Crossroad Suite 550
Anthonymouth, WY 53169",Lake Lorrainefort
Torres Ltd,(283)833-1998,"7676 Estes Harbor Suite 218
Brandonmouth, SC 41497",West Amandafurt
Phillips Inc,(182)626-5112,"560 Long Mill
Lake Caitlin, CT 60702",Lake Carlos
"Harrington, Jimenez and Carr",154-764-8062,"7266 Alvarez Junctions Suite 564
New Robertfort, MT 85213",South Tylerstad
"Moran, Mcmillan and Jones",001-261-466-0296x4350,"13859 Brandon Burg Suite 195
Jamesshire, KS 72927",Bonillahaven
Baird PLC,001-930-122-6265x199,"10521 Jared Mill Suite 659
Mccormickhaven, MO 07533",Markport
"Macdonald, Hale and Garcia",+1-654-546-9999,"26656 April Cliffs Apt. 770
Terriville, NV 90626",Dannybury
"Spencer, Eaton and Young",808.707.2502x64682,"904 Freeman Lodge Suite 905
Lake Stephanieshire, NE 73215",Johnstonhaven
Miller Ltd,(648)470-0469x880,"5262 Roy Village
Jonville, HI 04740",North Kylestad
Johnson-Green,001-090-513-0319x965,"7369 Kenneth Haven
Andrewborough, UT 47985",Darrylchester
"Daniel, Schroeder and Morse",+1-753-153-8390x0816,"71684 Campbell Stravenue
Garrettside, HI 68372",Rogersmouth
Elliott LLC,4896850451,"16795 Anderson Hill Suite 956
Curtishaven, MS 95388",South Kayla
Hill PLC,+1-157-982-5008x743,"8470 Brandon Extension
North Rhondastad, AK 50332",Valdezborough
Johnson-Farley,(969)280-5722,"721 Rivera Spurs
Moorebury, WV 76648",South Donald
Jones Group,(104)313-7701x468,"3828 Williams Lake
Brownshire, OR 72935",Callahanside
Beck Inc,963-484-4775x327,"102 Jackson Plaza Apt. 330
North Meganborough, NC 67139",Jasonmouth
Smith-Thomas,962.444.4824x7142,"682 Samantha Ranch Apt. 661
East Patricia, NM 14216",Watsonton
Randall-Wagner,427.635.9668x1254,"9517 Adrienne Valleys Suite 015
South Jennifer, ME 25672",Henrychester
Lewis-Deleon,399-298-6885x917,"PSC 3880, Box 0574
APO AE 02776",West Karen
"Pitts, Johnson and Humphrey",001-818-934-0059x74196,"9653 Benjamin Prairie Apt. 866
Wilcoxtown, OK 40953",New Johnfurt
Nelson Inc,(590)329-6474x36645,"Unit 9087 Box 7118
DPO AP 47666",East Jennifer
"Johnson, Wheeler and Fischer",824.788.6573x954,"117 Mclaughlin Stream Apt. 161
West Jose, UT 58322",Richardton
Williams-Flores,001-136-581-9633x2801,"3389 Joshua Landing Suite 758
Millsborough, MT 99216",Kellyberg
"Gardner, Garcia and Valenzuela",818-660-2603x90477,"41140 Julie Springs Suite 485
West Tammy, HI 01981",New Wendymouth
"Walter, Gonzales and Potter",2616749124,"77735 Parsons Underpass Apt. 969
Jillberg, NH 89270",Batesstad
"House, James and Miller",070-175-5725,"52465 Danielle Forge Suite 949
Walterschester, CT 88915",Lisamouth
"Doyle, Clark and Campbell",205.237.3375,"USS Howard
FPO AP 75180",East Deborah
"Phelps, Graham and Hayes",(512)814-0594x96653,"59138 Sherman Light Apt. 256
Rossside, ND 89271",Timothychester
"Holland, Caldwell and Oliver",(670)960-9465,"7502 Silva Lights Apt. 125
North Brittany, MA 40389",East Sandratown
"Schwartz, Holland and Mccarthy",001-486-894-6733x80522,"19727 Luke Wall
Jacquelinetown, ME 38666",Pearsonchester
"Schultz, Gross and Morrow",291-421-3869,"904 Caitlin Harbor Suite 165
Piercemouth, MI 67261",North Marthaton
Jackson Ltd,920-705-5617x44135,"325 Becker Pass
West Bobshire, MT 42103",Brandyberg
"Valencia, Floyd and Jordan",864.386.4484x7247,"755 James Greens Apt. 111
South Thomaschester, MT 65536",South Brenda
"Reyes, Houston and Esparza",7525269578,"60546 Amanda Canyon
Holmesmouth, ME 97812",Brittanyland
Smith PLC,911-068-2655x53558,"USNS Riley
FPO AA 59840",East Aaron
Beck Group,+1-153-394-0994,"0291 Williams Harbor Suite 127
Hooverchester, ID 89542",North Sharonberg
"Young, Moran and Morris",+1-750-812-7169x04781,"0953 Davis Well Apt. 329
West Maurice, NC 31745",New Baileyfort
Cunningham-Wyatt,+1-699-003-9200x964,"5900 Mccullough Mountain Apt. 363
Kristineland, NV 53404",East Donnafort
"Smith, Walker and Jackson",868.068.0443,"84921 Donald Ferry
North Matthewburgh, NV 11482",Kennedychester
Perez-Green,+1-328-140-9873x0223,"Unit 1288 Box 5043
DPO AA 72184",Lake Lauren
Daniels-Kim,787.621.3654x1971,"002 Donald Glen Suite 515
Edwardschester, OR 44523",East Angela
"Bates, Owen and Wade",+1-368-625-0736x9988,"37725 Robert Fields
Combshaven, NH 44196",Jenniferview
Blair-Randolph,(741)725-2742x04495,"5884 Watson Road Suite 731
West Markstad, AR 53880",Steventown
Cole-Stein,(322)115-7175x12748,"782 Flynn Plaza
North Francesburgh, KY 21221",New Rachel
Clark-Taylor,3857327137,"32917 Lopez Coves Apt. 669
New Charles, PA 87343",Jonathanstad
"Smith, Wilson and Johnston",(553)986-1219x532,"1103 William Forks
South Deniseland, OH 08168",Ericfort
Booker Ltd,001-391-794-1009x585,"1780 Crystal Turnpike Suite 052
South Brandi, OH 87518",South Russelltown
"Jones, Calderon and Finley",001-277-343-9322x828,"213 Rodriguez Club Apt. 768
Murphyhaven, ND 27372",Lake Vanessa
Rosales-Stevens,4438358279,"9093 Stephens Unions
Carterton, OK 67250",Baldwinshire
Shaw Group,+1-168-522-2184x289,"PSC 8369, Box 1372
APO AP 87487",Lake Cathy
Nelson Ltd,(337)139-2882x85414,"655 Debra Flats
South David, KY 13041",New Thomasmouth
Gonzales LLC,054-195-4248x7901,"63164 Patrick Trail Apt. 033
Davidville, MT 01979",New Larry
Martinez and Sons,5200035934,"48185 Jasmine Villages
Zimmermanhaven, MN 53468",Johnport
Townsend Inc,001-820-820-2213x469,"39437 Alejandro Path Apt. 765
Olsonview, MS 29423",East Emilyburgh
Taylor-Matthews,864-725-3991x8612,"073 Cathy Trail Apt. 793
Nelsonfurt, NY 98042",Lake Donna
Vega Ltd,829-056-6503x5701,"14352 Adkins Freeway Suite 515
South Katherineland, WV 05793",Port Carrie
Young-Bennett,001-345-350-3885,"407 Nathan Passage Suite 620
East Robert, NH 29961",Meyersland
Mitchell-Hunt,036-179-5013x18052,"113 Lacey Hollow Apt. 525
Harringtonmouth, ND 62225",Richardfort
Smith-Wilkins,(577)557-7490x4585,"219 Cook Mews Suite 667
Turnerbury, GA 42760",West Phillip
Wilkerson and Sons,337.240.9406,"546 Krause Drive Suite 554
West Kristenborough, GA 43703",West Dannyland
Martin-Wright,(870)723-3756x318,"45525 Ronald Forks
Mauricestad, ID 75984",Marcstad
Sanders-Hale,+1-625-938-4941x95891,"41546 Frank Islands
Lake Reginaldberg, AR 06319",Moralesside
Warren Group,756-246-6838x5142,"1956 Moreno Plains Apt. 468
Trevorfort, LA 26796",Port Donnaton
Wilson PLC,+1-025-297-0385,"6412 Suarez Meadow
Lake Frank, UT 86790",Jonesport
"Davis, Cruz and Schaefer",4142908031,"6913 Duarte Points Apt. 445
Ramosside, IL 10904",Lake George
"Collins, Oconnor and Blake",001-491-899-7575x46954,"232 Pollard Shores
Donaldmouth, TX 19845",Vazquezland
"Boyd, Padilla and Simpson",694-875-6150,"95686 Franco Mountains Suite 475
North Larry, WI 78578",Morganhaven
Adams-Young,+1-483-651-5816,"11551 Lisa Rapids
Lesterhaven, IA 88565",Richchester
Miller Inc,954-049-4239,"338 Robertson Crossing
Monicaborough, AK 65253",New Leslieport
Chan PLC,001-777-423-2427x587,"27777 Stephanie Plains
Jasonhaven, RI 35762",North Brendaborough
"Spencer, Gibson and Arias",525.724.0172x690,"04212 Gonzalez Shoals Suite 814
Stephenton, MO 69807",Tammyside
Phillips-Moore,583-316-8147,"973 Timothy Springs Apt. 259
Lake Samanthaport, MA 95198",Lake Monique
Knox and Sons,967.217.8511x139,"PSC 6513, Box 7743
APO AP 22827",Port Matthew
"Barnes, Castro and Curtis",507.577.7566,"0998 Mcintyre Row Apt. 105
North Crystal, KY 62420",Zimmermanville
Brown LLC,2169420064,"8055 Angela Shoals
Joshuamouth, FL 70099",Karentown
Barron-Casey,001-624-296-3440x099,"1514 Ward Extensions Apt. 499
Jasonmouth, SD 17571",South Sarastad
Gomez LLC,087-853-4529x913,"388 Zuniga Trail Suite 934
Jodiburgh, DC 27839",Carlborough
Green LLC,659-948-4636,"898 Michael Mall
East Randy, RI 35381",Meganshire
Owens-Johnson,(051)220-5307x61376,"1058 Kimberly Locks
Port Emily, IL 57473",Port Troychester
Cole LLC,001-078-379-8075x2377,"USS Zhang
FPO AP 50279",North Destiny
Waters-Bass,708.632.3778x183,"1890 Jeremy Road Suite 876
Robertborough, DC 41078",West Stephen
Cook Inc,+1-439-023-8330x00528,"2181 Heather Plain
Millerville, NJ 64347",New Lisa
Maddox PLC,0841228942,"20566 Aguilar Road Suite 772
New David, FL 55621",West Tylerberg
"Freeman, Decker and Johnson",290-849-5446x412,"6294 Gregory Throughway Suite 517
West Marychester, NM 35832",North Nathan
"Mclean, Lopez and Stephens",357.864.2606x99209,"1800 Robert Drive
West Shannonton, GA 52400",Shawnborough
Love-Montgomery,164-269-8070,"36635 Lang Fords Apt. 863
South James, FL 70248",Collinsmouth
Torres-Dunlap,057.342.1300x473,"Unit 1623 Box 5952
DPO AA 55518",South Christopherborough
"Kelly, Cummings and Ward",795.078.7850,"Unit 4632 Box 7131
DPO AP 21204",Allenton
Williams-Manning,001-050-248-0430x1092,"99495 Cook Fork Apt. 475
North David, WA 68629",Port Kendraborough
"Dickerson, Mason and Lyons",(339)492-9049x5615,"88934 Alexander Loaf Apt. 456
West Jason, IN 36932",Kimberlychester
Cross and Sons,2499148837,"0635 Kathy Mountain Suite 592
Griffithville, CT 03000",Petersonburgh
"Morris, Mcpherson and Edwards",526.766.1952x181,"2570 Frost Green Apt. 854
West Rachel, MA 88616",Robertshire
Smith LLC,1288966674,"0172 Andrew Mall Suite 480
Lake Karaland, MA 41959",New Josemouth
Moore-Flowers,(256)326-8681x6129,"57451 Davis Port Apt. 531
East John, CT 19104",Clarkberg
Willis-Luna,001-178-628-5939,"3122 Torres Stravenue
Ramosborough, AZ 89701",East Jennifer
Gross and Sons,001-199-056-3101x42375,"PSC 7998, Box 2478
APO AE 45856",Murphyberg
"Hopkins, Mora and Green",001-965-519-2456x24569,"036 Valerie Land
Garzashire, WI 83113",North Katelynland
Jenkins-Hughes,295-810-0522x881,"70040 Nicholas Tunnel Suite 144
Port Gwendolyn, UT 81199",New Jason
Chan Group,+1-119-104-8140x852,"5632 Katie Forks Suite 162
West Markfurt, AR 19503",Sarahland
"Chang, Estrada and Peters",8503009206,"86159 Mark Track Suite 676
Turnermouth, IA 56857",East Annshire
Williams Inc,(031)347-8261,"8908 Rich Road
Marvinfurt, MT 26167",Latoyaberg
"Mendez, Jones and Montgomery",4804280968,"530 Michael View
Burtonview, NJ 13987",New Kevintown
Whitney-Fields,399-479-4880x0272,"643 Morgan Rapids Apt. 181
Lake Susan, RI 01256",East Lisa
Trevino Ltd,022.305.4697x8681,"5019 Johnson Extensions Suite 914
Harrismouth, KS 80788",Heathermouth
"Carson, Hernandez and Sherman",174-998-7187x9074,"104 Cooper Roads Apt. 707
Jenkinsfurt, AZ 27878",Nathanielbury
"Hunter, Bell and Griffin",(208)474-0382x28468,"146 Jonathan Skyway Apt. 608
Williamsland, MD 48062",Port Jillian
Nelson and Sons,001-606-385-9319x781,"9591 Hess Terrace
New Kylie, NV 59106",East Joseph
Mathews-Harrison,278.410.3369x739,"2849 Harris Views
Suarezberg, AZ 03015",West Matthew
"Mueller, Savage and Hudson",(995)505-1664,"959 Joseph Square Apt. 513
Lake Jennifer, IL 84011",North Kevinhaven
"Oliver, Ross and Johnson",001-179-898-4092,"24971 Stephanie Manors Suite 735
East Jessemouth, SD 28563",Davidville
"Andrade, Gross and Wallace",001-127-426-5890x378,"USNS Brewer
FPO AE 48783",Fisherstad
Morgan-Blackwell,(254)215-9233,"5801 Duncan Shoals
West Rachel, TX 93833",Colemanton
Ingram PLC,363-940-3078x14194,"270 Suzanne Mountain
East Jason, FL 72390",South Jeffery
Carroll-Stanley,849.339.1687x68179,"Unit 2028 Box 0350
DPO AP 33410",West Omarside
Rodriguez LLC,001-157-833-7008x08964,"32957 Davis Squares Apt. 352
Port Teresa, TX 28764",East Williamshire
Patterson Inc,019.231.7207,"440 Donald Corner Apt. 571
Sandraberg, VA 54153",Jeffreyport
Chandler-Roberts,(671)036-0993x233,"0090 Jerry Viaduct
Lake Suzannechester, GA 84592",Richardsonhaven
"Cook, Jackson and Griffith",496.170.0536x12668,"45823 Wright Point Apt. 175
Morrowbury, SC 14712",West Tinamouth
Burns-Smith,+1-554-290-0096,"337 Leblanc Lodge Apt. 412
Markburgh, NM 79330",Tammyside
Woodward-Jensen,432-670-6542x60306,"USCGC Ewing
FPO AP 42279",Lesterstad
Dixon LLC,+1-283-422-5540x00555,"11321 Nicholas Estates Suite 016
Leeland, LA 25575",North Ebony
Walsh-Jones,327-092-6148,"1201 Jesus Port
West Alicia, MI 39222",Sandersshire
"Herrera, Clark and Brown",840-466-6667x82987,"USNS Moore
FPO AE 50173",Durhamchester
Yates-Avery,410.531.7418,"7398 Arnold Parkways Suite 894
South Anthony, NC 58831",Scotthaven
Hayes Inc,423-402-5949x4533,"196 Emma Ville
South Lisaside, CT 21368",West Kara
Sanchez-Cummings,280-986-1102x593,"39631 Bruce Unions
Kaitlynside, NM 86509",Lake Xavierburgh
Brown and Sons,001-124-313-6789x492,"962 Carla Villages Suite 460
North Johnstad, WV 97942",Lake Benjamin
Pugh Group,+1-089-261-9866x15160,"53593 Andrew Vista Apt. 903
Martinfurt, KY 87501",Garzaville
Robinson and Sons,+1-199-421-8051x664,"51806 Natalie Throughway Apt. 212
South Alyssa, MA 55906",North Lisamouth
Sullivan-Golden,101.936.1050x09281,"272 Linda Drives
Avilaland, AK 39073",Port John
"Perry, Perez and Carter",085.588.5857,"178 Randy Fords
East Chadton, TX 86183",Cameronside
"Hunt, Lee and Winters",+1-858-989-2963,"310 James Locks Suite 685
Chenfurt, OK 58448",Derekland
Smith Group,694.134.6616x8811,"USCGC Meyer
FPO AP 46538",Jimmyberg
Henry PLC,104.576.7855x2145,"10897 Duncan Manors Apt. 117
Whitneyshire, IA 92311",South Tiffanyfort
Carpenter-Wright,001-482-381-7341x4903,"2253 Paul Circles
Taylorland, CA 85679",Davidland
Collins Inc,+1-871-495-2866x10181,"40526 Arthur Summit
Fernandofurt, DC 13182",North Ravenfurt
Callahan-Olsen,479-524-3396x53216,"Unit 8901 Box 2688
DPO AP 76819",East Lori
Little-Novak,827.194.9818x2685,"3955 Kerri Wall Suite 470
South Juan, OH 39390",Michellechester
Rowe PLC,+1-845-011-4333x510,"1614 Mayo Stravenue
Kaiserville, AR 87652",Lake Donaldchester
"Morris, Mcintyre and Austin",001-095-950-5858,"9972 Katherine Pike Apt. 731
Mendozaborough, ND 13509",Port Lesliebury
Davis-Lutz,(598)537-6895x39918,"57240 Jennifer Port
Port Aaronland, SC 20896",New Joshuamouth
Caldwell PLC,+1-608-327-2565x3004,"07281 Daniel Viaduct
Gabrielmouth, OK 76168",Jeffreyshire
Ortega-Webb,001-646-036-9173x42885,"62621 Mikayla Hollow Suite 797
Melendezview, ME 58412",West Billborough
Hopkins and Sons,(258)062-6080x783,"PSC 9032, Box 8873
APO AA 93892",Lake Lisa
"Bailey, Burke and Green",(190)730-8257,"738 Reed Branch Suite 823
Williamsfurt, MO 25272",Estradafort
"Williams, Simpson and Waters",9364930023,"6223 Bailey Knoll Suite 714
North Natashatown, IL 23650",Salinasville
Fox Inc,623-439-6993,"4029 Peter Locks
Fisherstad, UT 42054",New Heidi
West-Reilly,573.885.9975x59706,"756 Megan Ranch Apt. 775
Port Jeffery, IL 94423",Lake Jaclyn
Sanders and Sons,+1-308-986-2848x196,"0805 Nicholas Oval Suite 499
New Randy, WI 52774",North Catherine
"Ferguson, Henderson and Watson",351-379-8297x4923,"89711 Cassandra Overpass
Williamchester, AZ 28267",North Mariahchester
Reynolds Group,+1-708-661-1330,"7279 Joseph Ramp
Port Shawnborough, GA 33669",New Connorfort
Reid-Johnson,071-461-6662x422,"3607 Williams Canyon Suite 553
East Marcmouth, DC 84269",Anthonyhaven
Stevens-Lopez,234.858.2605x778,"52096 Jeremy Place
Ambertown, AL 54808",Peterhaven
Osborne LLC,+1-340-436-8105x510,"448 Thompson Creek
West Diane, WV 52163",Lake Jasmin
"Gonzalez, Dunn and Oconnell",+1-605-449-8141x1518,"778 Richard Glen Suite 654
Cassandrafort, CA 25549",Williamsmouth
Ruiz-Oneal,(569)363-0118,"934 Kelsey Shoals
Tiffanyburgh, IL 56636",Lake Travis
"Owens, Johnson and Anderson",849.051.1399x70295,"1837 Johnson Forest
Davisberg, CA 26735",Lake Gary
Chavez-Grimes,001-831-449-3638x4631,"507 Johnson View
Garnerville, GA 24621",Hillburgh
Todd-Jackson,460.659.0802,"184 Gregory Fort Apt. 518
North Glenn, OR 97758",Darrellfurt
Clark Inc,260.187.2522x030,"896 April Underpass Apt. 635
Camachoberg, OK 17853",Leonardborough
Pratt Ltd,001-318-035-8959x2452,"2440 Bauer Drive
Wellsstad, PA 54419",Christinetown
"Davis, Hardin and Merritt",864.590.0521x094,"USNV Calderon
FPO AP 80186",Jimmymouth
Scott and Sons,001-085-825-1185x328,"320 Justin Centers Apt. 436
West Carrieside, ND 53538",Maysside
"Collins, Hughes and Palmer",001-724-756-5697x7877,"28395 Mueller Cliffs Apt. 231
Lake Kelly, MN 69836",South Kellyland
Mcdonald-Howell,504-183-2400x84016,"93955 Mann Pines
Port Stevenbury, PA 67605",North James
"Chen, Walker and Fisher",001-121-682-5654x2822,"1585 Price Mountains Apt. 462
Port Jessicashire, GA 79191",Pamelaburgh
"Rodriguez, Robinson and Conway",835.650.9674,"4059 Jenkins Ports Suite 961
North Colleen, AZ 95737",Holtmouth
Valenzuela-Garrett,+1-552-433-1217x647,"824 Harold Heights
Evansborough, MA 43364",Lake Cheryl
"Obrien, King and Robinson",+1-513-264-8229x419,"560 Diane Place
North Carla, SC 62821",Youngchester
"Rocha, Johnson and Dunlap",+1-596-531-4868,"31552 Jodi Motorway Suite 547
Allenport, AR 98936",South Andrewport
Salazar PLC,180-591-9657x697,"384 Allison Ports
North Rachel, CT 22924",Raybury
Avery PLC,589.122.1214x989,"679 Quinn Rapid Apt. 934
Joyborough, WY 99210",Amandashire
Fox-Perez,(418)506-2217x0513,"Unit 3530 Box 4051
DPO AA 84294",Hayesville
Bishop-Singleton,001-687-501-8347x2632,"076 Matthew Center
South Jasonbury, NH 86592",Davidville
"Rodriguez, Thomas and Foster",564-331-0431,"792 Mathews Course Suite 808
Kevinmouth, MD 24910",Padillatown
Hawkins-Novak,961.144.7736x679,"2372 Jessica Lake
Lake Tamara, NY 49712",Phillipsmouth
Carr Group,+1-334-811-0634x6842,"1873 Jeffrey Prairie Suite 484
North Chadmouth, OH 55679",Jamesport
Webster and Sons,161.555.4218x17236,"9427 Jones Ridges Suite 824
South Brendan, CT 19533",Morriston
Pearson-Barry,+1-132-394-9769x75463,"9596 Adam Trail Apt. 428
Lake Christopherburgh, TX 14456",Browntown
Moreno-Melton,001-098-297-7862x776,"88171 Teresa Station
New Shane, UT 53712",Lake Mistyton
Pierce Group,+1-843-457-7096x3283,"87040 Smith Lodge
New Robertbury, DE 31100",Lake Jamestown
Bush-Murray,799.618.3759x874,"2389 Evans Courts
East Laurabury, MS 75092",Galvanfurt
Brown-Stephens,119.114.6136x472,"61032 Espinoza Road
East Ronaldburgh, IA 34355",East Robert
Hughes PLC,556.413.4567x3854,"94788 Garcia Ports Suite 459
West Michellestad, MT 79129",Sarahview
"Peterson, Lee and Moore",710-623-8778x66342,"439 Dana Vista
North Tracyton, TN 34903",Laurietown
Cruz-Morrow,537-625-7293x22343,"278 Kevin Vista Suite 607
Jessicaville, NE 43011",West Elizabethport
Barry Group,+1-533-592-0009x5523,"632 Wong Place
West Shane, CO 27966",South Kathryn
Adams-Meyer,+1-334-757-0819x808,"61134 Steve Expressway
New Cindy, SC 37620",Mikaylachester
Jenkins Group,001-493-150-3730x13002,"7213 Johnson Glen Suite 222
North Lauren, NY 58260",Lake Larry
Payne Inc,001-148-921-4043x467,"9339 Jackson Spur
Williamsshire, ID 32726",Huberstad
Bell-Newman,(239)435-1256,"59464 Conner Lake
North Gracechester, AR 71191",Smithmouth
Ramos Group,727-987-0431x177,"2242 Olivia Grove
Haileymouth, NH 71518",North William
Reyes-Stewart,550-821-0945,"PSC 8297, Box 4959
APO AA 73797",South Jason
Wright-Hogan,001-280-488-8210x18348,"67942 Butler Stream Apt. 519
West Terrichester, NV 43420",North Ryan
Shepherd and Sons,+1-508-027-9784,"533 Peters Locks Suite 995
West Mindyhaven, MS 87079",Pamelaberg
Livingston Inc,+1-956-381-7075,"451 Smith Orchard Suite 751
East Rebecca, VA 23186",Port Victoria
Graham PLC,743.262.1457x01922,"718 Christina Fall
New Martinville, WV 97137",East Cynthia
"Page, Smith and Davis",921-470-8846x3047,"065 Mary Estate Apt. 886
North Jessica, NY 33169",Francisshire
Randolph-Bauer,2885719618,"117 Kayla Ramp Suite 638
Jenniferstad, MS 30328",Port Staceymouth
Young-Luna,001-367-389-8038x71593,"42661 Harris Motorway Apt. 610
Garrettville, OH 22338",Linchester
Butler-Phillips,+1-366-362-7376x557,"USNV Gordon
FPO AP 25294",Jessicaland
Thompson Ltd,+1-901-692-0561x8582,"7872 Davis Corners Apt. 807
East Christopherhaven, MO 74535",Port Juliafort
"Nguyen, Chan and Brown",747-692-4848x020,"6755 Lindsay Port
Allenland, LA 52111",New Evanport
Hancock-Jackson,001-769-864-0777x950,"75914 Smith Freeway
Burnsshire, KS 10093",Shortfurt
Rowe-Chen,8228891240,"304 Leslie Key
Middletonfurt, IN 01285",Aguirreville
Cruz and Sons,(169)675-2870x74675,"844 Smith Inlet
Christinechester, OH 87700",South Allison
Bennett Inc,+1-440-639-2296x544,"699 Ricardo Knoll
Jeffreyside, CT 99334",Lake Nathan
Arroyo-Henderson,(313)019-6078x8326,"5364 Young Radial Apt. 906
Lake Kelly, NH 41322",Benjaminstad
Ayers-Lewis,001-823-662-3501x58107,"908 Frazier Estates
West Travis, KY 18812",East Christophertown
Mendoza LLC,636.763.0459x119,"07376 Joe Locks Apt. 174
Lake Joseside, MO 10326",Ginaview
Hall-Bailey,001-857-024-2547x71955,"55243 Harris Falls Suite 091
Elizabethfort, VA 00788",North Bethanyville
Patterson-Collins,+1-466-124-4012x842,"507 Kelly Plain Suite 072
South Christopher, CA 06744",Port Anita
Koch Inc,(972)427-3809x5165,"97748 Anderson Port
Audreyberg, TN 75408",Westmouth
Reed LLC,427.554.1262,"9132 Garcia Estates
North Carolynshire, TX 77749",East Anthony
"Ballard, Stanley and Hill",409.995.2073x69158,"USCGC Holt
FPO AA 27710",Port Andrea
Combs Ltd,167.486.0883,"1020 Murray Gateway
Smithton, HI 44207",West Kelli
Jacobs PLC,(024)341-5235x050,"293 Vernon Garden Apt. 024
Tiffanymouth, KY 89919",Markborough
Cunningham Ltd,498-839-7284x63534,"46457 Alvarado Mews Apt. 640
Terrymouth, VT 01681",Port Marissachester
"Martin, Richardson and Snow",013.181.1620,"Unit 3436 Box 4523
DPO AE 51665",West Anthonymouth
"Harmon, Hunt and Daniels",(440)486-0759,"398 Keith Islands
New Michael, ND 26141",Port Jennifer
"Mayer, Hawkins and Day",+1-206-641-2099x02965,"PSC 4292, Box 5900
APO AE 49106",South Richard
"Martin, Sosa and Fleming",4335526313,"424 Leonard Unions
Lewisland, MT 30183",North Jenniferport
"Martinez, Armstrong and Carroll",(577)786-8133,"43311 Lewis Ville
South Davidside, MA 08450",East Lisa
Carr-Morrison,331-309-4173,"26296 Brennan Neck Apt. 815
Leahville, WA 35764",Sarahside
"Stafford, Johns and Dunn",761-727-3251,"Unit 5820 Box 3745
DPO AP 87833",Richardmouth
Adams and Sons,0508335147,"849 Ernest Ramp Apt. 938
West Sharon, UT 25509",Port Hannah
Ramirez Inc,001-397-293-6050x2868,"971 Rodgers Drive Suite 338
North Karabury, VA 79151",Lisafort
Barnes and Sons,(547)040-4732,"41662 John Shoals Apt. 246
West Shannon, NM 07777",Michaelton
"Bryant, Jacobson and West",001-075-347-0236x69878,"127 Michelle Views Suite 097
Lake Steven, TX 04725",East Richardside
Butler-Richardson,+1-268-505-2616,"99213 George Spurs Suite 321
Petersenberg, MA 55289",East Heatherport
Lawrence-Clark,122-170-5452x33780,"699 Brooks Parkway
Davisside, AL 18704",South Randy
Rodriguez and Sons,477.309.3018x208,"210 Dickerson Pine
Port Troy, KY 22574",North Sharonburgh
Jackson-Good,5402653116,"1947 Leonard Mission Suite 695
East Kenneth, NJ 60142",Port Rebekah
Tate-Reed,076.799.5247x9326,"22115 Shane Way Suite 117
Mariaville, IA 31143",New William
Davis Ltd,(112)122-3591x558,"88279 Luis Throughway Apt. 639
Thomasberg, NM 37613",Adamsville
Todd Group,236.722.8623,"Unit 6259 Box 3832
DPO AE 28167",Port Patrick
"Martin, Cohen and Haynes",001-677-604-8538x89487,"6719 Yolanda Via
East Jill, TN 80794",South Joshua
Frederick LLC,784.860.0232x137,"6559 Matthew Turnpike
Johnsonchester, AK 98520",Yatesside
"Abbott, Brooks and Moreno",(605)444-5107,"07566 Pacheco Port Apt. 447
Jenniferstad, VT 74898",New Zachary
Simmons Group,002.503.5955x077,"86763 Johnson Ramp Suite 259
Adamberg, CT 79300",West Lucasville
Manning Ltd,187-286-3552,"91482 Adam Light Suite 699
Robertberg, MA 25709",Josephburgh
"Villegas, Chen and Campos",(619)661-4594x325,"5698 Trevor Ridges
Samanthaburgh, VT 05005",New Travisshire
Wong-Wilson,693-832-6017x426,"1663 Lindsey Knoll Suite 148
South Emmachester, LA 53472",South Douglashaven
Parker Group,197.775.7862x84876,"017 David Crossing Suite 956
South Debraview, MO 17664",Jonathanmouth
"Conner, Martinez and Ward",177-150-2468x49541,"201 Ortega Points
New Georgeland, CA 73855",Codyview
"Davis, Hughes and Leblanc",450-388-2214,"64539 Sabrina Rest
Port Dennisfort, FL 23814",South Danielle
Andrews Inc,001-257-656-9260x6347,"26341 Angela Canyon
Wheelerland, RI 53891",Carrport
Schneider-Suarez,001-597-658-2544x8112,"73422 Morgan Plains
East Destiny, SD 76863",East Melissa
"Martinez, Davis and Simmons",(024)268-9864x8442,"679 Lee Prairie Apt. 468
New Samuel, CA 74608",West Christopher
Hester-Vaughn,440-252-5984,"11290 Lindsay Knolls
New Teresa, KS 45517",Leonfort
Wilson and Sons,705.277.5779,"503 Heidi Union Suite 064
Garciachester, NM 90354",Port Julia
Thompson and Sons,366.010.6995x8345,"3501 Goodwin Streets Suite 016
Lake Kristinastad, NJ 25573",New Zachary
"Rhodes, Vasquez and Ayala",001-527-514-8462x80976,"968 Brian Parkways
Port Jon, TX 15577",Lake Bianca
"Lee, Walker and Woodward",001-800-825-6958,"Unit 7428 Box 9237
DPO AA 51656",Williamview
"Giles, Weiss and Brown",6766883967,"44972 Lawrence Wall
West Joseph, NC 35887",Wilsonview
Blanchard-Parsons,1686096009,"81800 Preston Land Apt. 698
Murphyport, MS 99875",Edwardsbury
Maynard LLC,416.974.9320x8176,"7357 Kimberly Estate
Williamtown, TX 45569",New Bobbytown
Lee LLC,(125)745-1987x650,"056 Valentine Village Suite 407
Bryantmouth, RI 56149",North Caitlin
Lozano and Sons,124.824.3776,"4617 Reed Wells Suite 310
Lake Daniel, GA 76092",Raymondview
Wheeler-Galvan,851.926.1633,"2915 Teresa Orchard Apt. 925
East Jacobmouth, AR 92844",North Mary
Cooper LLC,001-120-947-8177x14998,"30047 Maldonado Mission Apt. 779
Lindamouth, CA 11952",Port Melanie
"Wolfe, Hull and Richardson",649.210.2886x0203,"98375 Christine Mountains
New Kelly, MD 32374",Gibsonfort
Crane LLC,001-004-545-5901x1754,"32159 Bradley Canyon
Stevensonside, VA 33070",Lindseybury
Simmons-Davis,532.668.4291x87339,"788 Tiffany Spur Apt. 373
Port Matthew, NY 44804",Basstown
"Potts, Williams and Adams",076.004.8874,"1897 Elizabeth Throughway
South Shawn, TN 56135",Lake Charleston
Russell and Sons,(201)501-1781,"44158 Williams Plaza Apt. 122
Chavezhaven, LA 02481",New Michaelmouth
Blair Group,001-134-029-8765x104,"602 Maria Dam
Tinatown, WA 91444",Lake Maria
Phillips and Sons,001-493-528-0886x728,"USNS Rocha
FPO AP 15184",New Willieburgh
Aguilar Group,(390)257-0518x4479,"292 Torres Village
Johnland, IL 09607",West James
Rogers-Maldonado,343-728-0009x45256,"9659 Reed Ridge
Waltersshire, MO 80569",Mortonfort
Thomas-Flores,567-080-9984x776,"259 Walker Hollow
East Seth, AL 67266",West Brandon
"Coleman, Williams and Nichols",3124904832,"7897 Jenna Spring Suite 591
Jordanport, MA 64286",Woodport
Rollins-Mclaughlin,728-509-6340x7211,"9872 Reginald Locks Suite 116
Deniseland, CO 25700",Brownberg
Meyers-Black,713-138-1523x7028,"60983 Garcia Ways Apt. 475
Gracefort, WI 40941",Drakeville
Reed-Williams,001-403-694-6449,"57484 Adams Well Apt. 314
Jonesfort, VT 30639",Derekshire
Jordan LLC,+1-073-137-5460,"2673 Maria Knolls
Comptonborough, NY 52749",North Amanda
Estes LLC,001-429-296-5587x7891,"175 Douglas Flat
Gregoryside, WI 12800",Leslieville
"Hughes, Fuller and Sanchez",(040)473-0155,"19447 Michael Locks Apt. 580
Thompsonburgh, NJ 75869",East Amyfurt
Black Group,001-996-238-7255x85073,"470 Renee Oval
South Julia, KY 65367",North Joseph
Williams Inc,(134)266-7104x2168,"269 Isaiah Point Suite 901
Lake Shaneville, KS 49945",North Katherineshire
Frank and Sons,945-001-1935x424,"68469 Butler Ranch Suite 190
New Melissa, NY 96885",Petersonside
Jackson Ltd,+1-871-214-5204x667,"45950 Gould Stravenue Suite 966
Lauraton, MT 41682",North Ashley
Cowan-Peterson,001-103-848-7464x001,"683 Rhodes Lodge
Port Latoyafurt, KS 03941",Reynoldsbury
Stone LLC,450-595-9061,"88440 James Lodge Suite 431
Mariaberg, TX 24138",West Samuelfurt
"Stewart, Rocha and Torres",+1-138-470-9169x439,"0532 Cheryl Plains
Nicholasview, WA 35943",Williamland
Hill-Russell,075.630.9218,"68533 Martin Fork
South Morganfort, IL 17612",New Carol
"Baker, Valencia and Smith",(397)967-0645,"4862 Clark Spurs
Lake Richard, MS 20484",Amandaborough
"Austin, Griffin and Ward",(877)527-5031,"5382 Michelle Manor Apt. 817
East James, MO 47545",Lake Jason
Hall-Barnett,+1-416-150-5940x8255,"574 Sutton Lakes
North Joan, NY 91914",East Emily
Stone Inc,468-754-9363,"388 Michelle Shore
Port Kimberlyside, FL 70535",Leville
Payne Ltd,+1-499-883-9440x24317,"4541 Megan Points Apt. 886
Wrightfort, RI 22327",East Michael
"Scott, Lopez and Baldwin",001-590-644-2836,"335 Mark Center
Grantport, HI 41240",Allenborough
Brown-Butler,(509)390-1118,"USCGC Steele
FPO AE 35280",Ashleyhaven
Dunlap Inc,909-720-0844,"416 Mariah Ridge Suite 777
New Laurafurt, TN 19711",New Jamesburgh
Mullins Ltd,+1-104-312-3559,"762 Young Locks Apt. 246
Brownhaven, WV 44739",Walterton
"Murphy, Harris and Quinn",(080)535-3645,"PSC 3393, Box 0158
APO AE 18045",Port Brett
Wallace and Sons,(277)528-2339,"7743 Russell Cove
Port Tonyatown, KS 97653",Robertschester
Sanchez Group,(797)145-6559x37937,"USS Hernandez
FPO AP 68693",New Emily
Peck-Norris,447-812-4442,"75929 Tyler Corner
Lake Christopherland, VT 54608",Jordanberg
"Thomas, Brock and Ali",5020875543,"2636 Hayes Landing
Ramseychester, PA 35913",Lake Kelly
Murphy Ltd,+1-698-306-6977,"8991 Elizabeth View
Andrewston, MT 46774",South Andrew
Howard-Williams,(728)156-2658x7091,"662 Brenda Inlet Apt. 504
North Calvin, AK 36811",Lopezport
"Smith, Lynch and Anderson",+1-560-761-6843x29675,"85965 Vanessa Hollow
New Patriciamouth, WA 82198",South Bryan
"Rogers, Harmon and Gordon",(421)106-2871x5106,"13984 Mann Ford Apt. 634
Port Johnside, AL 55278",Lake Karenfurt
"Stewart, Cox and Tate",754-822-6879x75255,"Unit 7108 Box 6674
DPO AE 90873",East Kimberly
Campbell LLC,408.792.0799,"9892 Christopher Park Suite 948
Davidfurt, TN 47444",Torresshire
Marshall-Huffman,001-320-495-1470,"010 Williams Ville Suite 868
South Patricia, MS 92938",Mendozastad
Snow PLC,001-656-370-9565x9479,"8892 Christine Court
Lake Jamestown, MI 56025",West Charlesborough
Figueroa Inc,107.592.8920,"5678 Washington Pines Suite 444
Millerfurt, DE 55779",Lewishaven
"Martin, Johnson and Herrera",414-000-8857,"7208 Garcia Drive Suite 415
South Crystalmouth, PA 88821",North Richard
Mcclain Ltd,001-504-478-4608x690,"8220 Nicholas Mission Suite 606
Dillonfort, OK 61228",Katherineborough
Bruce Inc,(258)012-0928x8067,"642 Schultz Divide Apt. 480
Matthewview, PA 26612",Harrishaven
Smith-Paul,001-222-287-5923x26280,"807 Taylor Stream
New Cameron, AR 20442",Thorntonbury
Phillips PLC,+1-041-200-9724x3812,"4419 Moore Pike Apt. 613
West Cheryl, VA 40988",New Ninashire
Horn-House,(274)596-0960x4039,"59435 Benjamin Mountain
Amandamouth, VA 67842",South Charles
Weaver-Walker,(684)214-8678x814,"0462 Kelly Junction Apt. 610
West Christophertown, MD 16033",North Biancaview
"Roth, Estrada and Vang",(523)837-8597,"9894 Thornton Stream
East Wesley, VA 88439",Port Erin
Farmer Ltd,924.147.5562x1759,"594 Patel Road Suite 676
Autumnborough, AK 45847",Cisnerostown
Smith Inc,871.082.6155x450,"876 Mckinney Circles Suite 026
Taylorchester, OH 43657",Lake Tamara
Nguyen-Vasquez,330-419-6965x494,"23097 Robinson Isle
New Barbara, MT 56782",East Janet
Carroll PLC,810.075.7191x4578,"PSC 4547, Box 7966
APO AE 27140",North Kennethview
Gallagher-Brown,9339428554,"USNV Morris
FPO AP 79488",Olsenstad
Golden Group,012.853.4943x4132,"2558 Barr Loaf
Michaelhaven, WV 26626",Parksburgh
Miller Inc,394.144.5269x2229,"7787 Warren Estates Suite 246
Phillipsburgh, OK 32953",South Thomasville
"Pollard, Collins and Watson",218.505.6857x64219,"Unit 4908 Box 4008
DPO AE 21178",Williamsonmouth
Fisher PLC,+1-823-181-5943x270,"350 Danny Flats Suite 806
Smithfort, IN 28216",Fowlerbury
Brown and Sons,(352)481-4738,"725 Garner Locks
Andrewchester, MI 49979",South Christopherborough
"Cooper, Osborn and Clark",001-548-930-4392x6738,"8962 Robinson Greens Suite 631
Pricechester, LA 52710",North Stevenbury
Miller-Clark,(540)858-7855,"54061 Billy Locks Suite 765
East Martin, ND 10197",Kaitlynville
Jones-Burnett,001-718-367-8316,"515 Elizabeth Well Suite 591
East Paul, IN 33760",East Shanestad
Jefferson Group,3908403570,"668 Brown Walks
Davisfort, MI 56210",East Michelle
Johnson LLC,195-477-4278x2975,"21555 Sanchez Streets Apt. 988
South Kimberly, MT 97822",Smithstad
"Cox, Rogers and Horne",045-288-0356,"558 Shawn Well Apt. 218
Lake Saraville, IA 58123",Bryantton
"Hernandez, Lee and Dodson",+1-563-810-9329x657,"4238 Jerry Ranch Suite 083
Kiddview, RI 15092",Brewerfort
Holmes-Schaefer,759-916-3267x89739,"61354 Tina Cliff
Sandershaven, UT 60062",Jordanborough
"Petersen, Morrison and Woods",+1-978-137-1967,"7626 Stephanie Creek Suite 634
Juliashire, WI 41937",Johnsonborough
Bradshaw Ltd,056-604-3679,"PSC 6707, Box 4294
APO AA 42923",Frostberg
Fields-Craig,001-120-459-4801,"69619 Townsend Square Apt. 545
South Hollyside, LA 94071",North Valerie
"Rogers, Robbins and Cook",387-013-3363,"9927 Russell Pike
North Barry, NM 90744",Lake Kendramouth
Obrien-Carr,096.381.4881x4011,"7915 Jacob Tunnel Suite 241
New Lisaport, HI 08755",East Tammy
Johnson-Mejia,(145)733-6977x4017,"USNS Callahan
FPO AA 79594",Port Michael
Mckinney-Harris,+1-913-248-1353,"9562 Moore Vista
Port Michael, HI 54640",Cabreraberg
Coleman LLC,(238)095-1783,"972 Gonzalez Lodge
Richardsonview, UT 93978",New Frank
Jones-Patterson,940.354.9558,"622 Alan Park Apt. 298
Lake Kimberly, ND 78178",New Robertstad
Simpson Group,+1-774-532-9866x479,"2348 Daniel Crossing
South Sarahhaven, CO 35631",Judystad
"West, Martinez and Warren",(042)376-1212x66871,"185 Bruce Mission
Janeburgh, MI 52383",Rodriguezview
Manning and Sons,+1-821-052-6448,"Unit 1702 Box 1802
DPO AE 00968",Port Hannahmouth
Mcgee PLC,378-777-7668x60325,"651 James Path
West Stephenside, MT 25848",New Hollyfurt
"Burke, Yates and Hicks",868-621-1107x14787,"6295 Eric Valleys Suite 028
Taylorhaven, AR 18369",Madelinechester
Calderon-Torres,(793)661-2764,"020 Griffin Glen Suite 717
Molinafurt, MS 51202",Ramosville
Parsons and Sons,169-470-3250x7530,"52339 Angela Circle
Stevenville, WY 85182",East Sonyaport
Long-Alexander,328-638-0829x010,"4601 Samuel Ranch Suite 442
New Ronald, SC 13631",Priceland
Mendoza-Espinoza,029-780-2681x85712,"8229 Sheila Trail
New Erica, DE 07371",South William
Rosario-Porter,867-595-3131,"538 Ramsey Trace
Romeroland, MA 69729",Brookeland
Hughes-Hart,+1-165-641-7606x58790,"0824 Ronald Branch
West Rogerstad, NM 76134",Campbellchester
Richardson-Jones,141-172-8997x285,"4052 Brown Gateway
Port Susan, MT 01391",Tracyfort
Hughes Ltd,(512)654-3742x7158,"Unit 7379 Box 0879
DPO AP 36544",Lake Michael
Johnson-Brown,252-571-8129,"06136 Jessica Parkways
Littletown, CA 68113",Sheenashire
"Hall, Taylor and Anderson",001-595-456-3203,"22046 Barry Turnpike Apt. 458
Wilsonshire, GA 77403",New Jenniferbury
"Freeman, Allen and Castaneda",(162)139-2884,"58124 Reeves Stream Suite 880
Dayfurt, IA 16577",Jenniferville
"Lewis, Wagner and Solis",001-094-480-8706,"250 Chloe Common
South Elizabethbury, NH 23690",New Jacob
Hill-Anderson,+1-645-245-9145,"500 Jones Circles Apt. 341
Brendaside, NJ 13591",Robinsonfort
"Spears, Anderson and Huffman",1906277080,"4257 Roberto Squares
New Timothyhaven, NY 01630",Lake Stephen
Gentry and Sons,(845)076-7276,"913 Katrina Mountains Apt. 164
East Thomas, NJ 59999",New Tiffanystad
Preston-Smith,(813)326-3277x75776,"18358 Moore Spring Suite 713
Gordonshire, MT 45298",Strongmouth
Schmidt-Alexander,(616)029-0456x6126,"96966 Smith Expressway
Lauraburgh, MD 50475",West Sharonview
Bass LLC,996.149.6393x30141,"7188 Zachary Views
Lake Nicolehaven, AL 24903",Owensstad
"Simpson, Mcguire and Brown",274.464.1201x34627,"950 Dawn Mountains
New Robert, MI 58996",Pereztown
Walter-Stevens,+1-760-908-2031,"32820 Lozano Fork
Emilybury, HI 03708",Charlesland
Flores-Wade,525-492-4716,"43443 Campbell Highway
Ricetown, MA 95006",Russellfurt
"Cooper, Harvey and Jordan",119-434-3757,"241 Ethan Gardens Suite 016
Kevinshire, MD 90518",Gomezfurt
Fowler-Morgan,+1-427-871-1303x0408,"684 Mike Mission Suite 131
East Sharonmouth, ME 61479",Cannonside
Greer-Frye,(725)767-4070x399,"424 Ryan Circle
Kellymouth, MT 70307",Padillamouth
"Marquez, Reid and Kramer",001-319-584-3389x9156,"8981 William Extension Apt. 848
New Jenniferport, RI 49072",Weberfurt
Stephens-Braun,001-744-282-3182,"657 Charles Streets
North Carolineberg, AR 77518",Villastad
Wilson Group,4943539272,"Unit 6637 Box 3119
DPO AP 06435",Medinatown
"Jackson, Lee and Hodge",001-319-954-4598x21954,"5326 Christian Trail
Port Hectorstad, NH 21079",North Steven
"Campbell, Peterson and Nixon",001-080-950-9405x3327,"USCGC Sullivan
FPO AE 70797",West Peter
Galvan Ltd,6379149942,"053 Richard Glens
Port Tanya, AR 46804",West Melissastad
Parsons Ltd,445-558-2787x92329,"13271 Michael Way Apt. 244
South Jennifer, AK 74009",Port Robertport
"Galloway, Hall and Oconnell",(558)699-9188x092,"08907 Paige Canyon Suite 640
West Michaelborough, RI 85483",Lake Kari
Smith-Morales,481.162.2452x4959,"92861 Megan Extension Apt. 163
Jacobsburgh, MD 32991",West Miaside
Ayers LLC,(922)213-3651x61067,"901 Pacheco Dale
Robertport, OK 20674",North Kennethshire
Wright LLC,001-515-383-6029x214,"PSC 1473, Box 2158
APO AE 95836",West Kevin
Sanchez PLC,539-966-9767x99956,"48910 Gordon Pike Apt. 720
Quinnshire, AK 79288",South Marthahaven
Martinez-Young,(448)182-4708,"1821 Davis Estates
Dawnstad, ND 73249",East Phillipton
"Gibbs, Green and Krause",001-228-747-8247x18530,"9340 Dalton Junctions Suite 998
Tiffanymouth, SD 76155",Sheilaburgh
Lee PLC,346.517.7901x471,"886 Mark Plain Suite 687
Lake Nicholashaven, MN 43931",Leeburgh
Alexander PLC,599-601-7460,"28329 Gary Courts
East Jonathan, KS 04105",Garciatown
Morrison LLC,776.420.3183,"Unit 7525 Box 7976
DPO AA 30814",Blaketown
Crosby Group,+1-307-053-5303x7456,"81218 Peter Rest Apt. 173
East Caitlinport, NV 39150",Erikatown
Whitaker Group,139.400.8463x7894,"59776 Perry Turnpike Apt. 615
South Howard, HI 48266",Garciaberg
"Morton, Perry and Lopez",(870)361-0934x3633,"61563 Hendrix Viaduct Suite 566
Lake Harryton, MA 17987",Port Raymondburgh
Davis and Sons,965.266.3582,"551 Huynh Trail Apt. 373
Lake Kevinton, KS 39284",Patrickfort
"Moore, Peck and Cox",001-403-232-7921,"827 Pace Unions Apt. 620
Paulhaven, RI 85075",New John
Wilson-Medina,(536)020-7040x308,"PSC 7795, Box 8364
APO AE 31123",East Heather
Cruz-Davis,(126)595-1397,"032 Suarez Pine Apt. 241
Port Anthonyborough, IN 97036",Port Tanyaburgh
"Hudson, Spence and Perez",2329447078,"52439 April Lodge
Timothyburgh, MS 86772",New Calebberg
Oliver-Orr,(291)397-0048,"56629 Tara Alley Apt. 226
South Adrianchester, NE 12389",Lucasmouth
Villegas Inc,3387210560,"648 Maria Gardens
New Charles, NM 12489",Lake Michael
Rodriguez Inc,1383312143,"937 Murray Turnpike
Lorrainestad, RI 37088",Jonestown
Rosales-Dillon,259.371.8249,"462 Nicole Common
Wheelermouth, VA 10670",Port Donnamouth
White Ltd,(870)515-3806,"04589 Cole Highway Suite 011
Sheltonbury, MN 56672",East Jesse
Perkins Ltd,+1-701-674-2402,"6749 Stewart Trace
New Thomas, KY 96239",North Chase
Clark-Miranda,001-517-180-8109x1808,"54388 John Bypass Suite 842
New Kimberly, AL 69199",East Benjaminland
Larson and Sons,152.836.4864,"5591 Kathleen Route Apt. 687
South Paul, NC 69885",Zimmermanton
Allen LLC,474-088-6934,"11055 Hayes Island Suite 805
Cynthiatown, ME 65521",Lake Richardhaven
Cannon-Garcia,9421508200,"18680 Krystal Inlet Apt. 200
East Janettown, MO 64497",Kellytown
Phillips-Bradley,001-645-494-2603,"6479 Beverly Club
East Karen, IN 38784",South Allisonburgh
"Jones, Allison and Ellison",(692)324-3942x4267,"95536 Hunt Harbor Apt. 227
North Alexisbury, AR 45373",New Ginaborough
Jimenez-Ramirez,(406)401-4554x74878,"29016 Patricia Turnpike
North Jeffreymouth, VT 07661",Anthonyborough
Nelson and Sons,+1-114-068-7855x4731,"8015 Meyer View
South Bobby, MN 09536",Steveport
Frazier-Sanders,001-581-378-3772x04562,"5099 Campbell Falls
Port Paulmouth, AK 72465",Ramseyfort
"Velazquez, Mitchell and Mcintyre",533.325.7699x38436,"64520 Joshua Parks
South Johnfurt, TN 61990",Lisaborough
Taylor Group,(903)301-8467x005,"14689 Scott Gateway
North Curtis, RI 22825",Roachhaven
Barker LLC,+1-530-780-2072x25507,"5999 Brenda Trail Apt. 807
Amberstad, VT 22034",Hollyhaven
Reyes and Sons,9608634637,"2706 Samantha Ferry Suite 785
Kevinborough, SC 54085",New Monicaside
Bradley-Martin,+1-131-571-0529x38557,"145 Diana Circle Suite 342
North Michelle, AZ 40121",Williamsshire
George Group,001-335-284-7048x76955,"20833 Huffman Plaza
East Kevin, MN 53076",Port Allisonland
Miller LLC,(870)001-4338,"7974 Matthew Hill Suite 293
Lake Christopherstad, MN 36854",West Stephenside
York-Ferguson,(122)877-3794x96948,"157 Woods Cliffs
East Arthur, MS 76614",Lake Devon
Miller-Bennett,688-080-1814x29732,"141 Benjamin Inlet
Cisneroston, VA 34027",Campbellbury
Young-Wu,516-871-5874x60724,"6293 Higgins Viaduct Apt. 488
Elizabethmouth, MA 47397",Tamaraside
"Brock, Newton and Mccormick",(699)849-3966x8395,"3043 Aguilar Mission
Coltonbury, KS 26858",Roystad
"Melton, Olson and Foster",+1-427-165-5121x1214,"886 Griffin Ports Apt. 205
Port Hayden, OH 11566",Lake Regina
House-Bates,+1-910-582-8983x79304,"48407 Hall Cliffs
Lake Traceymouth, MD 10524",West Lisamouth
"Jackson, Howe and Gentry",071-338-9174,"Unit 6067 Box 3679
DPO AA 63953",Lake Deborah
Robinson-Gibson,001-313-085-7612,"699 Brenda Landing
Petersstad, NH 95795",South Zacharymouth
"Hodge, Lee and Washington",2321569552,"2730 Shannon Mall Apt. 069
Owensburgh, MO 32097",Spenceland
"Harris, Mcdonald and Taylor",+1-648-160-9304,"0039 Alexander Terrace Apt. 565
Aprilborough, MI 33494",Samueltown
Obrien-Zhang,(766)455-6356,"29928 Hawkins Glens Suite 830
Millerfort, AK 35617",West Abigailtown
Herrera LLC,8412901538,"03238 Singh Mill Apt. 542
Donaldburgh, IL 63546",Randallchester
Williams PLC,(730)287-3289,"0627 Keith Ferry Apt. 778
North Melaniechester, NY 94824",Wrightville
"Haynes, Barnett and Wiley",980.273.6877,"70012 Lucero Stravenue
Floresbury, CA 62305",Lake Lindsey
Rice and Sons,001-128-988-1441x190,"06266 Roberts Corner
Jamiemouth, ME 21665",South Tina
Patel Ltd,(694)214-7175,"892 Brandy Village
Deborahshire, AK 22864",Lake Vanessaland
Stanley PLC,001-428-241-5858x19231,"3255 Steven Falls Apt. 575
South Ashleyton, NM 59651",North Victoriastad
"Jackson, Shelton and Mayer",+1-140-191-0616x7900,"6472 Michelle Drives
Lake Robert, VA 54017",Port Lance
"Davis, Sanchez and Mendez",001-696-690-2244,"78391 Susan Landing Apt. 690
Cheyennefort, WI 89189",New Amanda
Galloway-Henderson,001-867-928-0212x3211,"Unit 2168 Box 9786
DPO AA 06880",Alexanderchester
Johnson PLC,(764)089-8990x152,"38009 Oconnor Prairie
Janicemouth, MS 31632",East Bernard
Graham and Sons,+1-328-744-4361x89629,"379 Thomas Roads
Harrisport, DC 76335",Connieside
Oconnor Ltd,+1-484-031-6824x10667,"49967 Victoria Union Suite 176
Watkinsport, NC 14235",Port Bryce
"Rivers, Pena and Davies",392.087.3295,"Unit 9564 Box 1583
DPO AA 18894",Christopherside
Miller Inc,+1-926-386-9945x8729,"97290 Stephanie Mountains Apt. 247
Lindseyburgh, WY 63235",Coleburgh
"Robinson, Schaefer and Foster",+1-235-607-0553x247,"83418 Joshua Place Suite 333
Nathanielborough, IN 28904",Christopherton
Hayden PLC,619.534.3215,"51093 Richard Corners Apt. 086
Rossmouth, MS 72720",Port Christopher
"Lewis, Preston and Price",6685913720,"6974 Paul Estate
Lake Jacob, NV 24380",Jeffreybury
"Scott, Davis and Mcbride",001-797-318-7062,"89161 Christine Track Suite 497
Andreachester, MD 90839",Port Daniel
"Hurst, Lee and Sims",521-004-0816,"20729 Martinez Locks
West Katie, KS 29229",Port Melissa
Watson LLC,8591148922,"29574 Scott Flats
Jamestown, ME 66124",New Larry
Jackson LLC,(589)951-5870,"61454 Ryan Well Suite 025
East Aprilside, IL 12106",Moralesberg
Lowe Ltd,(326)145-6491x608,"234 John Rue
Hendrixport, AZ 46361",East Robertton
"Robinson, Rodriguez and Reilly",317.522.3773x348,"53064 Danny Centers Apt. 116
New Nicole, WY 40193",Davisview
Anderson and Sons,759-596-1190x656,"1110 Martin Square Suite 965
West Anthony, VT 13086",South Jessicachester
Lewis-Anderson,7046259654,"29974 Becker Hill Apt. 666
Pattonfurt, NJ 66040",Flemingport
Gray PLC,209.149.0656x397,"536 Joyce Locks Suite 818
East Catherine, DE 59565",West Hunter
Baker Group,808.838.1022x168,"82725 Walker Parkway
Karimouth, VA 07630",Port Melissa
Glenn-York,(063)458-3909x33019,"96371 Owens Mountains
North Daniellestad, WI 11685",West Stevenport
Martinez PLC,944-129-2371x8219,"93509 Solomon Station
Sarahview, NH 55581",Westbury
"Munoz, Stone and Wallace",(041)135-3095x826,"739 Adams Alley
Vangborough, IN 50041",Herbertbury
Gamble-Davis,298.868.0798x375,"6516 Natalie Parkway Apt. 359
Port Angelicaville, OK 74292",South Edwardtown
Frey PLC,(890)661-5455,"4394 William Island
West Beth, OR 77721",Harrisonbury
"Wilson, Harris and Mayo",+1-875-361-7836x21117,"075 Kim Vista Suite 910
South Natashaberg, WA 02431",Port David
"Harris, Santos and Roberts",001-664-346-8788,"6861 Steven Isle Apt. 138
South Blake, KS 26018",South Kevinhaven
"Morris, Serrano and Roberson",+1-355-010-3614x2052,"29137 Williams Summit Apt. 780
Fullerton, WA 63589",East Laura
Williams-Aguirre,205-999-3497,"6861 Tiffany Junction Apt. 176
Farleyfurt, HI 39406",North Lauren
Jones PLC,+1-231-061-4929x4353,"2646 Hull Wall Apt. 985
Valenciamouth, TN 58725",Lake Latasha
Spencer LLC,+1-741-041-0721x937,"63770 Jessica Falls Apt. 397
Chadton, VT 61248",Stevensborough
Miller-Sanders,648.599.6844,"896 Karen Island Apt. 800
Johnsontown, NJ 75055",Browninghaven
Mckinney Ltd,225-959-2378,"179 Fernandez Rapids
Campbellport, MA 31352",East Stephanie
"Porter, Hernandez and Pace",001-279-802-3400x771,"3564 Hutchinson Shore
South Danielle, DC 15667",Amyport
Moore Group,889-093-8775x51762,"46915 Maynard Dam Suite 320
North Alyssa, CA 48762",Manningshire
"Vasquez, Ruiz and Flowers",+1-319-378-7627x0682,"84308 Justin Stravenue
New Amberside, NE 53447",Williamview
Garza-Williams,001-924-441-3963x746,"08864 Figueroa Radial Suite 948
Jennaberg, AZ 21207",East Rossside
Novak Group,(903)642-1969x3300,"934 Zachary Run
Melissamouth, WY 02729",Joshuastad
Moody Ltd,637.300.3664x4880,"17580 Ernest Hills
Lake Michaelmouth, OR 56416",Stevenchester
Jenkins-Brooks,266-324-3458x95775,"53390 Evans Rapids Suite 982
Lake Meghan, MO 44235",Brendantown
